vendorid,tpep_pickup_datetime,tpep_dropoff_datetime,passenger_count,trip_distance,ratecodeid,store_and_fwd_flag,pulocationid,dolocationid,payment_type,fare_amount,extra,mta_tax,tip_amount,tolls_amount,improvement_surcharge,total_amount,congestion_surcharge,airport_fee
2,2023-01-01T00:32:10.000000000,2023-01-01T00:40:36.000000000,1.0,0.97,1.0,N,161,141,2,9.3,1.0,0.5,0.0,0.0,1.0,14.3,2.5,0.0
2,2023-01-01T00:55:08.000000000,2023-01-01T01:01:27.000000000,1.0,1.1,1.0,N,43,237,1,7.9,1.0,0.5,4.0,0.0,1.0,16.9,2.5,0.0
2,2023-01-01T00:25:04.000000000,2023-01-01T00:37:49.000000000,1.0,2.51,1.0,N,48,238,1,14.9,1.0,0.5,15.0,0.0,1.0,34.9,2.5,0.0
1,2023-01-01T00:03:48.000000000,2023-01-01T00:13:25.000000000,0.0,1.9,1.0,N,138,7,1,12.1,7.25,0.5,0.0,0.0,1.0,20.85,0.0,1.25
2,2023-01-01T00:10:29.000000000,2023-01-01T00:21:19.000000000,1.0,1.43,1.0,N,107,79,1,11.4,1.0,0.5,3.28,0.0,1.0,19.68,2.5,0.0
2,2023-01-01T00:50:34.000000000,2023-01-01T01:02:52.000000000,1.0,1.84,1.0,N,161,137,1,12.8,1.0,0.5,10.0,0.0,1.0,27.8,2.5,0.0
2,2023-01-01T00:09:22.000000000,2023-01-01T00:19:49.000000000,1.0,1.66,1.0,N,239,143,1,12.1,1.0,0.5,3.42,0.0,1.0,20.52,2.5,0.0
2,2023-01-01T00:27:12.000000000,2023-01-01T00:49:56.000000000,1.0,11.7,1.0,N,142,200,1,45.7,1.0,0.5,10.74,3.0,1.0,64.44,2.5,0.0
2,2023-01-01T00:21:44.000000000,2023-01-01T00:36:40.000000000,1.0,2.95,1.0,N,164,236,1,17.7,1.0,0.5,5.68,0.0,1.0,28.38,2.5,0.0
2,2023-01-01T00:39:42.000000000,2023-01-01T00:50:36.000000000,1.0,3.01,1.0,N,141,107,2,14.9,1.0,0.5,0.0,0.0,1.0,19.9,2.5,0.0
2,2023-01-01T00:53:01.000000000,2023-01-01T01:01:45.000000000,1.0,1.8,1.0,N,234,68,1,11.4,1.0,0.5,3.28,0.0,1.0,19.68,2.5,0.0
1,2023-01-01T00:43:37.000000000,2023-01-01T01:17:18.000000000,4.0,7.3,1.0,N,79,264,1,33.8,3.5,0.5,7.75,0.0,1.0,46.55,2.5,0.0
2,2023-01-01T00:34:44.000000000,2023-01-01T01:04:25.000000000,1.0,3.23,1.0,N,164,143,1,26.1,1.0,0.5,6.22,0.0,1.0,37.32,2.5,0.0
2,2023-01-01T00:09:29.000000000,2023-01-01T00:29:23.000000000,2.0,11.43,1.0,N,138,33,1,44.3,6.0,0.5,13.26,0.0,1.0,66.31,0.0,1.25
2,2023-01-01T00:33:53.000000000,2023-01-01T00:49:15.000000000,1.0,2.95,1.0,N,33,61,1,17.7,1.0,0.5,4.04,0.0,1.0,24.24,0.0,0.0
2,2023-01-01T00:13:04.000000000,2023-01-01T00:22:10.000000000,1.0,1.52,1.0,N,79,186,1,10.0,1.0,0.5,1.25,0.0,1.0,16.25,2.5,0.0
2,2023-01-01T00:45:11.000000000,2023-01-01T01:07:39.000000000,1.0,2.23,1.0,N,90,48,1,19.8,1.0,0.5,4.96,0.0,1.0,29.76,2.5,0.0
1,2023-01-01T00:04:33.000000000,2023-01-01T00:19:22.000000000,1.0,4.5,1.0,N,113,255,1,20.5,3.5,0.5,4.0,0.0,1.0,29.5,2.5,0.0
1,2023-01-01T00:03:36.000000000,2023-01-01T00:09:36.000000000,3.0,1.2,1.0,N,237,239,2,8.6,3.5,0.5,0.0,0.0,1.0,13.6,2.5,0.0
1,2023-01-01T00:15:23.000000000,2023-01-01T00:29:41.000000000,2.0,2.5,1.0,N,143,229,2,15.6,3.5,0.5,0.0,0.0,1.0,20.6,2.5,0.0
1,2023-01-01T00:51:45.000000000,2023-01-01T00:58:18.000000000,1.0,1.4,1.0,N,137,79,1,9.3,3.5,0.5,2.85,0.0,1.0,17.15,2.5,0.0
1,2023-01-01T00:13:30.000000000,2023-01-01T00:44:00.000000000,1.0,17.8,2.0,N,132,116,1,70.0,1.25,0.5,15.85,6.55,1.0,95.15,0.0,1.25
1,2023-01-01T00:21:49.000000000,2023-01-01T00:29:15.000000000,4.0,0.8,1.0,N,163,161,4,8.6,3.5,0.5,0.0,0.0,1.0,13.6,2.5,0.0
1,2023-01-01T00:52:06.000000000,2023-01-01T01:02:18.000000000,2.0,1.7,1.0,N,161,164,4,11.4,3.5,0.5,0.0,0.0,1.0,16.4,2.5,0.0
2,2023-01-01T00:19:12.000000000,2023-01-01T00:38:27.000000000,1.0,5.7,1.0,N,161,87,1,26.8,1.0,0.5,6.36,0.0,1.0,38.16,2.5,0.0
2,2023-01-01T00:31:41.000000000,2023-01-01T00:51:10.000000000,1.0,1.18,1.0,N,68,164,1,17.0,1.0,0.5,6.6,0.0,1.0,28.6,2.5,0.0
2,2023-01-01T00:58:49.000000000,2023-01-01T01:16:03.000000000,1.0,2.42,1.0,N,164,232,1,17.0,1.0,0.5,4.4,0.0,1.0,26.4,2.5,0.0
1,2023-01-01T00:22:24.000000000,2023-01-01T00:35:11.000000000,2.0,2.3,1.0,N,43,262,1,13.5,3.5,0.5,3.7,0.0,1.0,22.2,2.5,0.0
1,2023-01-01T00:40:13.000000000,2023-01-01T00:43:03.000000000,1.0,0.7,1.0,N,263,262,1,5.1,3.5,0.5,1.82,0.0,1.0,11.92,2.5,0.0
1,2023-01-01T00:54:05.000000000,2023-01-01T00:59:36.000000000,1.0,1.2,1.0,N,263,229,1,7.9,3.5,0.5,2.55,0.0,1.0,15.45,2.5,0.0
1,2023-01-01T00:31:30.000000000,2023-01-01T00:46:51.000000000,2.0,4.1,1.0,N,170,75,2,19.1,3.5,0.5,0.0,0.0,1.0,24.1,2.5,0.0
1,2023-01-01T00:51:55.000000000,2023-01-01T01:19:20.000000000,1.0,9.5,1.0,N,263,36,1,38.7,3.5,0.5,15.05,6.55,1.0,65.3,2.5,0.0
2,2023-01-01T00:27:16.000000000,2023-01-01T00:59:51.000000000,4.0,2.02,1.0,N,163,186,2,26.1,1.0,0.5,0.0,0.0,1.0,31.1,2.5,0.0
2,2023-01-01T00:18:08.000000000,2023-01-01T00:32:43.000000000,1.0,2.17,1.0,N,161,107,2,14.2,1.0,0.5,0.0,0.0,1.0,19.2,2.5,0.0
2,2023-01-01T00:39:14.000000000,2023-01-01T00:47:26.000000000,2.0,2.41,1.0,N,233,263,1,12.1,1.0,0.5,3.42,0.0,1.0,20.52,2.5,0.0
2,2023-01-01T00:54:20.000000000,2023-01-01T00:56:49.000000000,2.0,0.6,1.0,N,236,75,1,5.1,1.0,0.5,2.02,0.0,1.0,12.12,2.5,0.0
2,2023-01-01T00:03:52.000000000,2023-01-01T00:18:27.000000000,1.0,5.01,1.0,N,144,140,1,23.3,1.0,0.5,5.66,0.0,1.0,33.96,2.5,0.0
2,2023-01-01T00:23:52.000000000,2023-01-01T00:41:20.000000000,1.0,3.24,1.0,N,229,246,1,19.1,1.0,0.5,3.0,0.0,1.0,27.1,2.5,0.0
2,2023-01-01T00:43:39.000000000,2023-01-01T01:00:58.000000000,1.0,2.7,1.0,N,68,231,1,16.3,1.0,0.5,4.26,0.0,1.0,25.56,2.5,0.0
2,2023-01-01T00:11:19.000000000,2023-01-01T00:17:36.000000000,2.0,1.2,1.0,N,249,79,1,7.9,1.0,0.5,2.0,0.0,1.0,14.9,2.5,0.0
2,2023-01-01T00:15:13.000000000,2023-01-01T00:24:45.000000000,5.0,1.3,1.0,N,79,170,1,10.7,1.0,0.5,3.14,0.0,1.0,18.84,2.5,0.0
2,2023-01-01T00:30:31.000000000,2023-01-01T00:47:03.000000000,5.0,2.32,1.0,N,170,43,1,16.3,1.0,0.5,5.32,0.0,1.0,26.62,2.5,0.0
2,2023-01-01T00:47:59.000000000,2023-01-01T01:16:34.000000000,5.0,2.35,1.0,N,43,233,1,23.3,1.0,0.5,5.66,0.0,1.0,33.96,2.5,0.0
2,2023-01-01T00:21:29.000000000,2023-01-01T00:25:11.000000000,1.0,0.61,1.0,N,79,4,1,5.8,1.0,0.5,2.16,0.0,1.0,12.96,2.5,0.0
2,2023-01-01T00:35:13.000000000,2023-01-01T00:46:47.000000000,1.0,2.27,1.0,N,79,162,1,13.5,1.0,0.5,3.7,0.0,1.0,22.2,2.5,0.0
2,2023-01-01T00:56:38.000000000,2023-01-01T01:00:02.000000000,1.0,0.82,1.0,N,229,141,1,5.8,1.0,0.5,2.16,0.0,1.0,12.96,2.5,0.0
2,2023-01-01T00:47:20.000000000,2023-01-01T00:54:36.000000000,2.0,1.72,1.0,N,162,224,2,10.0,1.0,0.5,0.0,0.0,1.0,15.0,2.5,0.0
2,2023-01-01T00:56:22.000000000,2023-01-01T01:10:38.000000000,2.0,1.75,1.0,N,224,68,1,14.9,1.0,0.5,3.98,0.0,1.0,23.88,2.5,0.0
2,2023-01-01T00:41:41.000000000,2023-01-01T01:19:32.000000000,1.0,11.11,1.0,N,132,61,1,47.8,1.0,0.5,10.31,0.0,1.0,61.86,0.0,1.25
1,2023-01-01T00:20:24.000000000,2023-01-01T00:23:54.000000000,2.0,0.2,1.0,N,236,236,2,5.1,3.5,0.5,0.0,0.0,1.0,10.1,2.5,0.0
1,2023-01-01T00:34:28.000000000,2023-01-01T00:48:30.000000000,1.0,2.4,1.0,N,142,170,2,15.6,3.5,0.5,0.0,0.0,1.0,20.6,2.5,0.0
1,2023-01-01T00:56:04.000000000,2023-01-01T01:09:09.000000000,2.0,2.9,1.0,N,107,145,1,15.6,3.5,0.5,5.4,6.55,1.0,32.55,2.5,0.0
1,2023-01-01T00:13:29.000000000,2023-01-01T00:23:51.000000000,1.0,1.2,1.0,N,164,161,2,10.0,3.5,0.5,0.0,0.0,1.0,15.0,2.5,0.0
1,2023-01-01T00:25:34.000000000,2023-01-01T00:36:24.000000000,1.0,1.6,1.0,N,161,140,2,10.7,3.5,0.5,0.0,0.0,1.0,15.7,2.5,0.0
1,2023-01-01T00:46:17.000000000,2023-01-01T01:25:30.000000000,1.0,3.3,1.0,N,43,125,1,30.3,3.5,0.5,2.0,0.0,1.0,37.3,2.5,0.0
2,2023-01-01T00:22:32.000000000,2023-01-01T00:32:55.000000000,2.0,2.35,1.0,N,142,24,1,13.5,1.0,0.5,3.7,0.0,1.0,22.2,2.5,0.0
2,2023-01-01T00:36:54.000000000,2023-01-01T00:55:55.000000000,1.0,3.4,1.0,N,151,237,1,20.5,1.0,0.5,7.65,0.0,1.0,33.15,2.5,0.0
2,2023-01-01T00:38:12.000000000,2023-01-01T00:44:00.000000000,1.0,1.15,1.0,N,236,43,1,7.9,1.0,0.5,1.94,0.0,1.0,14.84,2.5,0.0
2,2023-01-01T00:45:25.000000000,2023-01-01T00:50:14.000000000,1.0,0.86,1.0,N,239,239,1,7.2,1.0,0.5,5.0,0.0,1.0,17.2,2.5,0.0
2,2023-01-01T00:22:39.000000000,2023-01-01T01:30:45.000000000,1.0,16.02,1.0,N,132,265,2,61.1,1.0,0.5,0.0,0.0,1.0,64.85,0.0,1.25
2,2023-01-01T00:20:07.000000000,2023-01-01T00:40:55.000000000,1.0,3.31,1.0,N,68,163,1,21.9,1.0,0.5,2.0,0.0,1.0,28.9,2.5,0.0
2,2023-01-01T00:42:11.000000000,2023-01-01T00:43:02.000000000,1.0,0.03,1.0,N,163,163,2,3.0,1.0,0.5,0.0,0.0,1.0,8.0,2.5,0.0
2,2023-01-01T00:44:55.000000000,2023-01-01T00:56:46.000000000,1.0,1.38,1.0,N,163,233,1,12.1,1.0,0.5,3.42,0.0,1.0,20.52,2.5,0.0
2,2023-01-01T00:59:58.000000000,2023-01-01T01:11:43.000000000,1.0,2.04,1.0,N,137,114,1,13.5,1.0,0.5,3.7,0.0,1.0,22.2,2.5,0.0
1,2023-01-01T00:18:29.000000000,2023-01-01T00:55:20.000000000,1.0,11.3,1.0,N,163,225,1,48.5,3.5,0.5,10.7,0.0,1.0,64.2,2.5,0.0
2,2023-01-01T00:20:45.000000000,2023-01-01T00:34:37.000000000,1.0,3.31,1.0,N,137,236,2,16.3,1.0,0.5,0.0,0.0,1.0,21.3,2.5,0.0
2,2023-01-01T00:46:17.000000000,2023-01-01T01:14:16.000000000,1.0,9.0,1.0,N,239,211,1,39.4,1.0,0.5,11.1,0.0,1.0,55.5,2.5,0.0
1,2023-01-01T00:29:27.000000000,2023-01-01T00:48:01.000000000,3.0,3.0,1.0,N,211,246,1,19.8,3.5,0.5,0.0,0.0,1.0,24.8,2.5,0.0
1,2023-01-01T00:56:44.000000000,2023-01-01T01:01:46.000000000,1.0,0.4,1.0,N,68,158,1,6.5,3.5,0.5,1.5,0.0,1.0,13.0,2.5,0.0
1,2023-01-01T00:08:33.000000000,2023-01-01T00:10:20.000000000,4.0,0.3,1.0,N,148,79,1,3.7,3.5,0.5,1.7,0.0,1.0,10.4,2.5,0.0
1,2023-01-01T00:27:27.000000000,2023-01-01T00:37:08.000000000,2.0,1.3,1.0,N,148,79,1,9.3,3.5,0.5,2.85,0.0,1.0,17.15,2.5,0.0
1,2023-01-01T00:38:45.000000000,2023-01-01T00:41:16.000000000,2.0,0.3,1.0,N,79,107,1,4.4,3.5,0.5,1.0,0.0,1.0,10.4,2.5,0.0
1,2023-01-01T00:46:47.000000000,2023-01-01T00:56:10.000000000,1.0,1.7,1.0,N,79,170,1,10.7,3.5,0.5,0.0,0.0,1.0,15.7,2.5,0.0
2,2023-01-01T00:10:20.000000000,2023-01-01T00:23:09.000000000,1.0,2.79,1.0,N,238,42,1,14.9,1.0,0.5,3.98,0.0,1.0,23.88,2.5,0.0
2,2023-01-01T00:32:47.000000000,2023-01-01T00:50:03.000000000,2.0,2.91,1.0,N,107,231,1,17.7,1.0,0.5,4.54,0.0,1.0,27.24,2.5,0.0
2,2023-01-01T00:52:15.000000000,2023-01-01T01:01:38.000000000,1.0,1.69,1.0,N,231,158,1,11.4,1.0,0.5,2.0,0.0,1.0,18.4,2.5,0.0
2,2023-01-01T00:10:02.000000000,2023-01-01T00:16:02.000000000,1.0,0.82,1.0,N,238,238,1,7.9,1.0,0.5,3.22,0.0,1.0,16.12,2.5,0.0
2,2023-01-01T00:18:10.000000000,2023-01-01T00:20:14.000000000,1.0,0.52,1.0,N,237,236,1,5.1,1.0,0.5,2.02,0.0,1.0,12.12,2.5,0.0
2,2023-01-01T00:24:02.000000000,2023-01-01T00:33:29.000000000,1.0,1.97,1.0,N,263,151,1,12.1,1.0,0.5,1.0,0.0,1.0,18.1,2.5,0.0
2,2023-01-01T00:37:07.000000000,2023-01-01T00:54:47.000000000,1.0,3.1,1.0,N,238,48,2,19.1,1.0,0.5,0.0,0.0,1.0,24.1,2.5,0.0
2,2022-12-31T23:51:30.000000000,2022-12-31T23:56:06.000000000,1.0,0.86,1.0,N,141,140,1,6.5,1.0,0.5,2.0,0.0,1.0,13.5,2.5,0.0
2,2023-01-01T00:15:17.000000000,2023-01-01T00:23:01.000000000,2.0,0.64,1.0,N,43,161,2,7.9,1.0,0.5,0.0,0.0,1.0,12.9,2.5,0.0
2,2023-01-01T00:23:56.000000000,2023-01-01T00:56:41.000000000,1.0,4.41,1.0,N,161,261,1,28.2,1.0,0.5,8.3,0.0,1.0,41.5,2.5,0.0
2,2023-01-01T00:09:36.000000000,2023-01-01T00:16:32.000000000,1.0,0.64,1.0,N,79,148,1,7.9,1.0,0.5,1.29,0.0,1.0,14.19,2.5,0.0
2,2023-01-01T00:19:29.000000000,2023-01-01T00:26:22.000000000,1.0,1.08,1.0,N,148,232,1,8.6,1.0,0.5,2.72,0.0,1.0,16.32,2.5,0.0
2,2023-01-01T00:09:41.000000000,2023-01-01T00:21:28.000000000,1.0,3.04,1.0,N,68,13,1,15.6,1.0,0.5,2.4,0.0,1.0,23.0,2.5,0.0
2,2023-01-01T00:22:53.000000000,2023-01-01T00:32:23.000000000,1.0,1.71,1.0,N,13,211,1,11.4,1.0,0.5,4.1,0.0,1.0,20.5,2.5,0.0
2,2023-01-01T00:35:39.000000000,2023-01-01T01:07:01.000000000,2.0,3.05,1.0,N,211,50,1,28.2,1.0,0.5,6.64,0.0,1.0,39.84,2.5,0.0
2,2023-01-01T00:10:52.000000000,2023-01-01T00:18:23.000000000,2.0,1.29,1.0,N,238,238,2,9.3,1.0,0.5,0.0,0.0,1.0,14.3,2.5,0.0
2,2023-01-01T00:25:14.000000000,2023-01-01T01:00:29.000000000,3.0,11.19,1.0,N,239,133,1,49.2,1.0,0.5,12.15,6.55,1.0,72.9,2.5,0.0
2,2023-01-01T00:37:44.000000000,2023-01-01T01:16:14.000000000,1.0,11.03,1.0,N,132,188,1,51.3,1.0,0.5,13.45,0.0,1.0,68.5,0.0,1.25
2,2023-01-01T00:49:24.000000000,2023-01-01T01:30:59.000000000,1.0,13.54,1.0,N,132,149,1,61.8,1.0,0.5,12.86,0.0,1.0,78.41,0.0,1.25
1,2023-01-01T00:20:23.000000000,2023-01-01T00:24:55.000000000,1.0,1.4,1.0,N,137,229,1,7.9,3.5,0.5,2.55,0.0,1.0,15.45,2.5,0.0
1,2023-01-01T00:27:20.000000000,2023-01-01T00:31:13.000000000,1.0,1.1,1.0,N,229,262,1,7.2,3.5,0.5,2.4,0.0,1.0,14.6,2.5,0.0
1,2023-01-01T00:36:16.000000000,2023-01-01T00:45:55.000000000,1.0,1.6,1.0,N,262,229,1,11.4,3.5,0.5,3.0,0.0,1.0,19.4,2.5,0.0
2,2023-01-01T00:20:38.000000000,2023-01-01T00:21:26.000000000,1.0,0.08,1.0,N,75,75,2,3.0,1.0,0.5,0.0,0.0,1.0,5.5,0.0,0.0
2,2023-01-01T00:09:16.000000000,2023-01-01T00:30:17.000000000,1.0,6.22,1.0,N,138,95,2,31.0,6.0,0.5,0.0,0.0,1.0,39.75,0.0,1.25
2,2023-01-01T00:46:56.000000000,2023-01-01T00:59:16.000000000,1.0,4.56,1.0,N,132,218,1,20.5,1.0,0.5,5.75,0.0,1.0,30.0,0.0,1.25
2,2023-01-01T00:10:50.000000000,2023-01-01T00:20:19.000000000,1.0,1.41,1.0,N,264,186,1,10.7,1.0,0.5,3.92,0.0,1.0,19.62,2.5,0.0
2,2023-01-01T00:27:35.000000000,2023-01-01T00:37:49.000000000,1.0,1.7,1.0,N,264,114,1,11.4,1.0,0.5,2.0,0.0,1.0,18.4,2.5,0.0
2,2023-01-01T00:42:01.000000000,2023-01-01T00:49:44.000000000,1.0,1.14,1.0,N,264,79,1,8.6,1.0,0.5,2.72,0.0,1.0,16.32,2.5,0.0
2,2023-01-01T00:53:36.000000000,2023-01-01T01:34:51.000000000,1.0,6.19,1.0,N,264,239,1,40.1,1.0,0.5,9.02,0.0,1.0,54.12,2.5,0.0
1,2023-01-01T00:24:41.000000000,2023-01-01T00:31:46.000000000,1.0,1.0,1.0,N,43,239,1,8.6,3.5,0.5,3.4,0.0,1.0,17.0,2.5,0.0
1,2023-01-01T00:33:27.000000000,2023-01-01T00:58:20.000000000,2.0,3.0,1.0,N,239,68,1,23.3,3.5,0.5,3.0,0.0,1.0,31.3,2.5,0.0
1,2023-01-01T00:59:52.000000000,2023-01-01T01:24:47.000000000,1.0,3.7,1.0,N,68,261,2,24.7,3.5,0.5,0.0,0.0,1.0,29.7,2.5,0.0
2,2023-01-01T00:11:29.000000000,2023-01-01T00:28:52.000000000,1.0,3.15,1.0,N,237,234,1,17.7,1.0,0.5,4.54,0.0,1.0,27.24,2.5,0.0
2,2023-01-01T00:30:54.000000000,2023-01-01T00:42:38.000000000,1.0,1.75,1.0,N,90,48,1,12.8,1.0,0.5,5.34,0.0,1.0,23.14,2.5,0.0
2,2023-01-01T00:04:56.000000000,2023-01-01T00:08:49.000000000,1.0,0.71,1.0,N,125,231,1,6.5,1.0,0.5,1.72,0.0,1.0,13.22,2.5,0.0
2,2023-01-01T00:16:09.000000000,2023-01-01T00:21:15.000000000,1.0,0.67,1.0,N,125,231,1,6.5,1.0,0.5,0.0,0.0,1.0,11.5,2.5,0.0
2,2023-01-01T00:23:15.000000000,2023-01-01T00:59:20.000000000,1.0,6.14,1.0,N,231,238,1,38.7,1.0,0.5,8.74,0.0,1.0,52.44,2.5,0.0
1,2023-01-01T00:04:45.000000000,2023-01-01T00:45:38.000000000,1.0,9.7,1.0,N,161,228,1,50.6,3.5,0.5,16.65,0.0,1.0,72.25,2.5,0.0
2,2023-01-01T00:24:04.000000000,2023-01-01T00:31:20.000000000,2.0,1.16,1.0,N,186,107,1,8.6,1.0,0.5,2.72,0.0,1.0,16.32,2.5,0.0
2,2023-01-01T00:33:39.000000000,2023-01-01T00:39:51.000000000,1.0,1.44,1.0,N,107,233,1,8.6,1.0,0.5,1.5,0.0,1.0,15.1,2.5,0.0
2,2023-01-01T00:41:20.000000000,2023-01-01T00:52:41.000000000,2.0,2.73,1.0,N,162,263,2,14.2,1.0,0.5,0.0,0.0,1.0,19.2,2.5,0.0
2,2023-01-01T00:54:41.000000000,2023-01-01T01:06:39.000000000,1.0,3.53,1.0,N,263,137,1,18.4,1.0,0.5,5.85,0.0,1.0,29.25,2.5,0.0
1,2023-01-01T00:04:08.000000000,2023-01-01T00:10:54.000000000,3.0,0.7,1.0,N,264,264,2,7.2,3.5,0.5,0.0,0.0,1.0,12.2,2.5,0.0
1,2023-01-01T00:21:30.000000000,2023-01-01T00:32:18.000000000,2.0,1.1,1.0,N,264,137,1,9.3,3.5,0.5,1.5,0.0,1.0,15.8,2.5,0.0
1,2023-01-01T00:36:10.000000000,2023-01-01T00:57:32.000000000,1.0,9.0,1.0,N,137,212,1,35.9,3.5,0.5,0.0,0.0,1.0,40.9,2.5,0.0
2,2023-01-01T00:33:16.000000000,2023-01-01T00:55:59.000000000,4.0,4.53,1.0,N,141,231,1,24.0,1.0,0.5,7.25,0.0,1.0,36.25,2.5,0.0
2,2023-01-01T00:17:54.000000000,2023-01-01T00:21:18.000000000,1.0,1.02,1.0,N,239,238,2,6.5,1.0,0.5,0.0,0.0,1.0,11.5,2.5,0.0
2,2023-01-01T00:24:54.000000000,2023-01-01T00:38:57.000000000,1.0,2.86,1.0,N,238,141,1,17.0,1.0,0.5,4.4,0.0,1.0,26.4,2.5,0.0
2,2023-01-01T00:44:05.000000000,2023-01-01T00:52:03.000000000,1.0,1.91,1.0,N,237,262,1,10.7,1.0,0.5,3.14,0.0,1.0,18.84,2.5,0.0
2,2023-01-01T00:58:14.000000000,2023-01-01T01:11:49.000000000,1.0,5.62,1.0,N,236,79,1,23.3,1.0,0.5,7.08,0.0,1.0,35.38,2.5,0.0
2,2023-01-01T00:24:19.000000000,2023-01-01T00:27:38.000000000,1.0,0.74,1.0,N,229,233,1,5.8,1.0,0.5,2.0,0.0,1.0,12.8,2.5,0.0
2,2023-01-01T00:36:04.000000000,2023-01-01T00:49:27.000000000,1.0,3.07,1.0,N,137,263,1,15.6,1.0,0.5,3.09,0.0,1.0,23.69,2.5,0.0
2,2023-01-01T00:53:50.000000000,2023-01-01T01:15:46.000000000,1.0,7.05,1.0,N,263,144,1,32.4,1.0,0.5,4.0,0.0,1.0,41.4,2.5,0.0
2,2023-01-01T00:52:53.000000000,2023-01-01T01:07:25.000000000,1.0,2.61,1.0,N,141,107,2,15.6,1.0,0.5,0.0,0.0,1.0,20.6,2.5,0.0
1,2023-01-01T00:11:35.000000000,2023-01-01T00:34:22.000000000,1.0,6.0,1.0,N,107,166,2,26.8,3.5,0.5,0.0,0.0,1.0,31.8,2.5,0.0
1,2023-01-01T00:39:48.000000000,2023-01-01T00:49:12.000000000,2.0,1.7,1.0,N,151,236,1,10.7,3.5,0.5,3.93,0.0,1.0,19.63,2.5,0.0
1,2023-01-01T00:56:03.000000000,2023-01-01T01:04:38.000000000,2.0,1.9,1.0,N,237,137,1,10.7,3.5,0.5,2.0,0.0,1.0,17.7,2.5,0.0
1,2023-01-01T00:58:15.000000000,2023-01-01T01:02:26.000000000,1.0,0.8,1.0,N,233,137,1,5.8,3.5,0.5,5.0,0.0,1.0,15.8,2.5,0.0
1,2023-01-01T00:47:40.000000000,2023-01-01T01:08:13.000000000,1.0,4.3,1.0,N,170,238,1,21.2,3.5,0.5,5.25,0.0,1.0,31.45,2.5,0.0
2,2023-01-01T00:28:29.000000000,2023-01-01T00:31:03.000000000,1.0,0.42,1.0,N,233,229,4,-5.1,-1.0,-0.5,0.0,0.0,-1.0,-10.1,-2.5,0.0
2,2023-01-01T00:28:29.000000000,2023-01-01T00:31:03.000000000,1.0,0.42,1.0,N,233,229,4,5.1,1.0,0.5,0.0,0.0,1.0,10.1,2.5,0.0
2,2023-01-01T00:32:59.000000000,2023-01-01T00:43:20.000000000,1.0,1.21,1.0,N,229,164,1,10.7,1.0,0.5,3.0,0.0,1.0,18.7,2.5,0.0
2,2023-01-01T00:09:27.000000000,2023-01-01T00:15:04.000000000,1.0,0.8,1.0,N,236,75,1,5.5,0.5,0.5,1.86,0.0,0.3,11.16,2.5,0.0
2,2023-01-01T00:30:45.000000000,2023-01-01T00:55:33.000000000,1.0,4.59,1.0,N,141,158,1,18.0,0.5,0.5,4.36,0.0,0.3,26.16,2.5,0.0
2,2023-01-01T00:05:11.000000000,2023-01-01T00:31:52.000000000,1.0,6.81,1.0,N,249,7,1,31.0,1.0,0.5,9.0,0.0,1.0,45.0,2.5,0.0
2,2023-01-01T00:52:25.000000000,2023-01-01T01:18:07.000000000,1.0,3.47,1.0,N,158,229,1,24.0,1.0,0.5,4.0,0.0,1.0,33.0,2.5,0.0
2,2023-01-01T00:30:37.000000000,2023-01-01T00:33:52.000000000,2.0,0.44,1.0,N,236,236,1,5.8,1.0,0.5,1.62,0.0,1.0,12.42,2.5,0.0
2,2023-01-01T00:36:24.000000000,2023-01-01T00:45:57.000000000,2.0,1.93,1.0,N,236,238,1,12.1,1.0,0.5,2.0,0.0,1.0,19.1,2.5,0.0
2,2023-01-01T00:48:35.000000000,2023-01-01T00:56:54.000000000,2.0,1.89,1.0,N,238,75,1,11.4,1.0,0.5,2.78,0.0,1.0,16.68,0.0,0.0
2,2023-01-01T00:16:28.000000000,2023-01-01T00:20:52.000000000,1.0,0.7,1.0,N,79,107,1,6.5,1.0,0.5,2.3,0.0,1.0,13.8,2.5,0.0
2,2023-01-01T00:12:21.000000000,2023-01-01T00:24:05.000000000,1.0,1.98,1.0,N,79,234,2,12.8,1.0,0.5,0.0,0.0,1.0,17.8,2.5,0.0
2,2023-01-01T00:28:53.000000000,2023-01-01T00:39:49.000000000,1.0,1.82,1.0,N,186,211,1,12.1,1.0,0.5,3.42,0.0,1.0,20.52,2.5,0.0
2,2023-01-01T00:43:11.000000000,2023-01-01T01:00:34.000000000,1.0,6.08,1.0,N,211,112,2,26.8,1.0,0.5,0.0,0.0,1.0,31.8,2.5,0.0
2,2023-01-01T00:35:27.000000000,2023-01-01T01:17:44.000000000,2.0,4.81,1.0,N,249,239,1,38.7,1.0,0.5,7.0,0.0,1.0,50.7,2.5,0.0
2,2023-01-01T00:28:56.000000000,2023-01-01T00:36:34.000000000,1.0,0.98,1.0,N,236,262,2,8.6,1.0,0.5,0.0,0.0,1.0,13.6,2.5,0.0
2,2023-01-01T00:40:04.000000000,2023-01-01T00:45:54.000000000,1.0,1.5,1.0,N,262,229,1,8.6,1.0,0.5,2.04,0.0,1.0,15.64,2.5,0.0
2,2023-01-01T00:48:53.000000000,2023-01-01T00:59:50.000000000,1.0,2.58,1.0,N,229,75,2,13.5,1.0,0.5,0.0,0.0,1.0,18.5,2.5,0.0
2,2023-01-01T00:08:04.000000000,2023-01-01T00:33:29.000000000,1.0,1.46,1.0,N,234,186,1,21.9,1.0,0.5,5.38,0.0,1.0,32.28,2.5,0.0
2,2023-01-01T00:45:48.000000000,2023-01-01T01:04:08.000000000,1.0,3.55,1.0,N,246,13,1,21.2,1.0,0.5,5.24,0.0,1.0,31.44,2.5,0.0
2,2023-01-01T00:18:43.000000000,2023-01-01T00:33:30.000000000,1.0,2.13,1.0,N,234,50,1,16.3,1.0,0.5,4.26,0.0,1.0,25.56,2.5,0.0
2,2023-01-01T00:42:20.000000000,2023-01-01T01:01:05.000000000,2.0,1.97,1.0,N,50,90,1,17.7,1.0,0.5,5.67,0.0,1.0,28.37,2.5,0.0
2,2023-01-01T00:10:20.000000000,2023-01-01T00:12:09.000000000,1.0,0.48,1.0,N,107,107,1,4.4,1.0,0.5,1.88,0.0,1.0,11.28,2.5,0.0
2,2023-01-01T00:13:21.000000000,2023-01-01T00:17:03.000000000,1.0,0.75,1.0,N,107,79,2,5.8,1.0,0.5,0.0,0.0,1.0,10.8,2.5,0.0
2,2023-01-01T00:18:08.000000000,2023-01-01T00:25:07.000000000,1.0,0.9,1.0,N,79,4,1,7.9,1.0,0.5,2.58,0.0,1.0,15.48,2.5,0.0
2,2023-01-01T00:27:02.000000000,2023-01-01T00:41:37.000000000,1.0,1.72,1.0,N,4,249,1,14.2,1.0,0.5,3.84,0.0,1.0,23.04,2.5,0.0
2,2023-01-01T00:43:16.000000000,2023-01-01T00:52:16.000000000,1.0,1.32,1.0,N,249,79,1,10.0,1.0,0.5,3.0,0.0,1.0,18.0,2.5,0.0
2,2023-01-01T00:22:26.000000000,2023-01-01T00:25:19.000000000,1.0,1.04,1.0,N,141,262,1,6.5,1.0,0.5,2.3,0.0,1.0,13.8,2.5,0.0
2,2023-01-01T00:27:44.000000000,2023-01-01T00:29:20.000000000,1.0,0.41,1.0,N,262,263,1,4.4,1.0,0.5,2.35,0.0,1.0,11.75,2.5,0.0
2,2023-01-01T00:31:21.000000000,2023-01-01T00:35:56.000000000,1.0,1.28,1.0,N,263,141,1,7.9,1.0,0.5,2.58,0.0,1.0,15.48,2.5,0.0
2,2023-01-01T00:40:22.000000000,2023-01-01T00:46:32.000000000,1.0,0.8,1.0,N,262,43,2,7.9,1.0,0.5,0.0,0.0,1.0,12.9,2.5,0.0
2,2023-01-01T00:48:30.000000000,2023-01-01T01:01:26.000000000,1.0,2.1,1.0,N,43,48,2,14.2,1.0,0.5,0.0,0.0,1.0,19.2,2.5,0.0
2,2023-01-01T00:30:12.000000000,2023-01-01T00:35:29.000000000,1.0,1.53,1.0,N,229,236,1,8.6,1.0,0.5,2.72,0.0,1.0,16.32,2.5,0.0
2,2023-01-01T00:38:35.000000000,2023-01-01T00:53:43.000000000,1.0,1.55,1.0,N,43,161,1,14.9,1.0,0.5,3.98,0.0,1.0,23.88,2.5,0.0
2,2023-01-01T00:55:45.000000000,2023-01-01T01:19:34.000000000,1.0,1.27,1.0,N,161,164,1,20.5,1.0,0.5,0.0,0.0,1.0,25.5,2.5,0.0
1,2023-01-01T00:27:58.000000000,2023-01-01T00:44:12.000000000,2.0,2.7,1.0,N,143,68,1,15.6,3.5,0.5,4.1,0.0,1.0,24.7,2.5,0.0
1,2023-01-01T00:21:15.000000000,2023-01-01T00:52:25.000000000,1.0,19.2,1.0,N,132,25,1,72.3,2.25,0.5,15.2,0.0,1.0,91.25,0.0,1.25
2,2023-01-01T00:02:19.000000000,2023-01-01T00:30:49.000000000,1.0,20.37,2.0,N,132,140,1,70.0,0.0,0.5,12.0,6.55,1.0,92.55,2.5,0.0
2,2023-01-01T00:34:38.000000000,2023-01-01T00:45:39.000000000,1.0,0.76,1.0,N,141,229,2,5.8,1.0,0.5,0.0,0.0,1.0,10.8,2.5,0.0
2,2023-01-01T00:47:29.000000000,2023-01-01T00:53:05.000000000,1.0,1.2,1.0,N,229,237,2,7.9,1.0,0.5,0.0,0.0,1.0,12.9,2.5,0.0
2,2023-01-01T00:35:05.000000000,2023-01-01T00:40:24.000000000,1.0,1.47,1.0,N,239,151,1,8.6,1.0,0.5,2.72,0.0,1.0,16.32,2.5,0.0
2,2023-01-01T00:45:25.000000000,2023-01-01T00:53:29.000000000,1.0,1.69,1.0,N,238,262,1,10.7,1.0,0.5,3.14,0.0,1.0,18.84,2.5,0.0
2,2023-01-01T00:54:31.000000000,2023-01-01T01:05:25.000000000,1.0,2.1,1.0,N,262,239,1,13.5,1.0,0.5,3.7,0.0,1.0,22.2,2.5,0.0
1,2023-01-01T00:29:32.000000000,2023-01-01T00:40:25.000000000,4.0,1.5,1.0,N,148,231,1,11.4,3.5,0.5,3.25,0.0,1.0,19.65,2.5,0.0
1,2023-01-01T00:48:00.000000000,2023-01-01T01:28:58.000000000,1.0,5.8,1.0,N,231,239,1,38.7,3.5,0.5,6.56,0.0,1.0,50.26,2.5,0.0
1,2023-01-01T00:18:35.000000000,2023-01-01T00:28:21.000000000,1.0,1.6,1.0,N,107,249,1,10.0,3.5,0.5,3.0,0.0,1.0,18.0,2.5,0.0
1,2023-01-01T00:36:15.000000000,2023-01-01T00:49:28.000000000,2.0,1.7,1.0,N,249,68,1,12.1,3.5,0.5,4.25,0.0,1.0,21.35,2.5,0.0
1,2023-01-01T00:50:46.000000000,2023-01-01T01:01:27.000000000,3.0,1.5,1.0,N,68,249,1,10.0,3.5,0.5,3.0,0.0,1.0,18.0,2.5,0.0
2,2023-01-01T00:34:22.000000000,2023-01-01T00:40:47.000000000,1.0,0.74,1.0,N,164,107,1,7.2,1.0,0.5,2.44,0.0,1.0,14.64,2.5,0.0
2,2023-01-01T00:46:32.000000000,2023-01-01T00:49:33.000000000,1.0,0.47,1.0,N,107,107,1,5.1,1.0,0.5,2.02,0.0,1.0,12.12,2.5,0.0
2,2023-01-01T00:50:45.000000000,2023-01-01T00:54:44.000000000,1.0,0.85,1.0,N,107,79,1,6.5,1.0,0.5,3.0,0.0,1.0,14.5,2.5,0.0
2,2023-01-01T00:56:18.000000000,2023-01-01T01:07:11.000000000,1.0,1.4,1.0,N,79,90,1,11.4,1.0,0.5,3.28,0.0,1.0,19.68,2.5,0.0
1,2023-01-01T00:05:56.000000000,2023-01-01T00:12:10.000000000,1.0,1.0,1.0,N,237,237,2,7.9,3.5,0.5,0.0,0.0,1.0,12.9,2.5,0.0
1,2023-01-01T00:13:48.000000000,2023-01-01T00:24:40.000000000,2.0,2.7,1.0,N,237,234,1,13.5,3.5,0.5,3.7,0.0,1.0,22.2,2.5,0.0
1,2023-01-01T00:29:47.000000000,2023-01-01T00:38:27.000000000,2.0,0.9,1.0,N,90,170,1,8.6,3.5,0.5,2.7,0.0,1.0,16.3,2.5,0.0
1,2023-01-01T00:48:20.000000000,2023-01-01T00:54:43.000000000,4.0,0.9,1.0,N,162,170,2,7.2,3.5,0.5,0.0,0.0,1.0,12.2,2.5,0.0
2,2023-01-01T00:05:48.000000000,2023-01-01T00:14:48.000000000,1.0,2.28,1.0,N,142,43,2,12.1,1.0,0.5,0.0,0.0,1.0,17.1,2.5,0.0
2,2023-01-01T00:34:31.000000000,2023-01-01T00:38:18.000000000,1.0,0.99,1.0,N,239,236,1,6.5,1.0,0.5,2.3,0.0,1.0,13.8,2.5,0.0
2,2023-01-01T00:40:52.000000000,2023-01-01T00:49:04.000000000,1.0,2.17,1.0,N,236,151,1,12.1,1.0,0.5,5.13,0.0,1.0,22.23,2.5,0.0
1,2023-01-01T00:08:50.000000000,2023-01-01T00:22:13.000000000,3.0,1.9,1.0,N,142,50,1,14.2,3.5,0.5,5.0,0.0,1.0,24.2,2.5,0.0
1,2023-01-01T00:24:38.000000000,2023-01-01T00:46:32.000000000,2.0,0.7,1.0,N,50,68,1,18.4,3.5,0.5,5.0,0.0,1.0,28.4,2.5,0.0
1,2023-01-01T00:51:02.000000000,2023-01-01T01:17:09.000000000,1.0,6.7,1.0,N,68,33,1,33.1,3.5,0.5,6.0,0.0,1.0,44.1,2.5,0.0
2,2023-01-01T00:39:15.000000000,2023-01-01T01:10:27.000000000,1.0,5.6,1.0,N,186,97,1,31.7,1.0,0.5,9.18,0.0,1.0,45.88,2.5,0.0
2,2023-01-01T00:35:02.000000000,2023-01-01T00:48:44.000000000,1.0,3.08,1.0,N,236,137,2,16.3,1.0,0.5,0.0,0.0,1.0,21.3,2.5,0.0
2,2023-01-01T00:50:34.000000000,2023-01-01T00:58:45.000000000,1.0,1.52,1.0,N,107,162,2,10.0,1.0,0.5,0.0,0.0,1.0,15.0,2.5,0.0
2,2023-01-01T00:59:34.000000000,2023-01-01T01:03:00.000000000,1.0,0.84,1.0,N,162,141,1,6.5,1.0,0.5,2.3,0.0,1.0,13.8,2.5,0.0
2,2023-01-01T00:09:49.000000000,2023-01-01T00:12:30.000000000,1.0,0.29,1.0,N,79,79,1,4.4,1.0,0.5,1.0,0.0,1.0,10.4,2.5,0.0
2,2023-01-01T00:13:54.000000000,2023-01-01T00:19:01.000000000,1.0,0.5,1.0,N,79,79,1,6.5,1.0,0.5,2.3,0.0,1.0,13.8,2.5,0.0
2,2023-01-01T00:22:17.000000000,2023-01-01T00:32:42.000000000,1.0,1.3,1.0,N,79,232,1,10.7,1.0,0.5,3.14,0.0,1.0,18.84,2.5,0.0
2,2023-01-01T00:39:33.000000000,2023-01-01T00:47:58.000000000,1.0,2.15,1.0,N,148,170,1,11.4,1.0,0.5,3.28,0.0,1.0,19.68,2.5,0.0
2,2023-01-01T00:52:41.000000000,2023-01-01T01:04:46.000000000,1.0,5.49,1.0,N,137,13,1,22.6,1.0,0.5,5.52,0.0,1.0,33.12,2.5,0.0
1,2023-01-01T00:01:08.000000000,2023-01-01T00:17:14.000000000,6.0,2.1,1.0,N,170,113,1,14.2,3.5,0.5,0.01,0.0,1.0,19.21,2.5,0.0
1,2023-01-01T00:32:20.000000000,2023-01-01T00:41:10.000000000,1.0,1.2,1.0,N,234,79,2,8.6,3.5,0.5,0.0,0.0,1.0,13.6,2.5,0.0
1,2023-01-01T00:42:24.000000000,2023-01-01T00:45:21.000000000,3.0,0.3,1.0,N,79,148,1,4.4,3.5,0.5,1.85,0.0,1.0,11.25,2.5,0.0
1,2023-01-01T00:18:08.000000000,2023-01-01T00:34:42.000000000,2.0,2.4,1.0,N,79,161,1,16.3,3.5,0.5,5.3,0.0,1.0,26.6,2.5,0.0
1,2023-01-01T00:58:55.000000000,2023-01-01T01:29:58.000000000,1.0,3.3,1.0,N,234,125,1,26.8,3.5,0.5,2.22,0.0,1.0,34.02,2.5,0.0
2,2023-01-01T00:15:17.000000000,2023-01-01T00:23:04.000000000,2.0,1.23,1.0,N,211,79,1,9.3,1.0,0.5,3.58,0.0,1.0,17.88,2.5,0.0
2,2023-01-01T00:23:52.000000000,2023-01-01T00:34:57.000000000,2.0,1.53,1.0,N,79,45,1,12.1,1.0,0.5,0.0,0.0,1.0,17.1,2.5,0.0
2,2023-01-01T00:44:16.000000000,2023-01-01T00:55:47.000000000,2.0,2.15,1.0,N,231,164,2,13.5,1.0,0.5,0.0,0.0,1.0,18.5,2.5,0.0
2,2023-01-01T00:58:46.000000000,2023-01-01T01:17:43.000000000,2.0,2.19,1.0,N,164,229,2,17.7,1.0,0.5,0.0,0.0,1.0,22.7,2.5,0.0
2,2023-01-01T00:12:36.000000000,2023-01-01T00:16:32.000000000,1.0,1.71,1.0,N,162,263,1,8.6,1.0,0.5,4.08,0.0,1.0,17.68,2.5,0.0
2,2023-01-01T00:17:33.000000000,2023-01-01T00:22:20.000000000,1.0,1.05,1.0,N,263,75,2,7.2,1.0,0.5,0.0,0.0,1.0,12.2,2.5,0.0
2,2023-01-01T00:42:57.000000000,2023-01-01T01:02:15.000000000,1.0,1.63,1.0,N,43,48,1,17.0,1.0,0.5,4.4,0.0,1.0,26.4,2.5,0.0
2,2023-01-01T01:01:16.000000000,2023-01-01T01:32:52.000000000,1.0,11.46,1.0,N,132,91,1,48.5,1.0,0.5,10.45,0.0,1.0,62.7,0.0,1.25
1,2023-01-01T00:12:10.000000000,2023-01-01T00:15:41.000000000,2.0,1.1,1.0,N,263,141,1,6.5,3.5,0.5,1.0,0.0,1.0,12.5,2.5,0.0
1,2023-01-01T00:20:45.000000000,2023-01-01T00:26:14.000000000,2.0,0.8,1.0,N,162,163,2,6.5,3.5,0.5,0.0,0.0,1.0,11.5,2.5,0.0
1,2023-01-01T00:21:05.000000000,2023-01-01T00:28:54.000000000,1.0,1.2,1.0,N,48,246,1,8.6,3.5,0.5,3.4,0.0,1.0,17.0,2.5,0.0
1,2023-01-01T00:43:51.000000000,2023-01-01T01:08:54.000000000,1.0,3.1,1.0,N,246,114,1,19.8,3.5,0.5,4.95,0.0,1.0,29.75,2.5,0.0
2,2023-01-01T00:33:44.000000000,2023-01-01T00:39:04.000000000,1.0,1.58,1.0,N,237,236,1,8.6,1.0,0.5,4.08,0.0,1.0,17.68,2.5,0.0
2,2023-01-01T00:40:25.000000000,2023-01-01T00:45:58.000000000,1.0,1.02,1.0,N,236,239,1,7.9,1.0,0.5,2.58,0.0,1.0,15.48,2.5,0.0
2,2023-01-01T00:47:37.000000000,2023-01-01T00:51:47.000000000,1.0,1.12,1.0,N,239,142,1,7.2,1.0,0.5,3.05,0.0,1.0,15.25,2.5,0.0
2,2023-01-01T00:55:03.000000000,2023-01-01T01:00:09.000000000,1.0,0.69,1.0,N,142,239,2,7.2,1.0,0.5,0.0,0.0,1.0,12.2,2.5,0.0
2,2023-01-01T00:29:33.000000000,2023-01-01T01:08:08.000000000,1.0,13.73,4.0,N,132,265,1,82.8,1.0,0.5,21.32,0.0,1.0,107.87,0.0,1.25
1,2023-01-01T00:40:32.000000000,2023-01-01T00:46:47.000000000,2.0,1.1,1.0,N,90,158,1,7.2,3.5,0.5,1.83,0.0,1.0,14.03,2.5,0.0
1,2023-01-01T00:50:01.000000000,2023-01-01T00:54:52.000000000,2.0,0.7,1.0,N,249,249,1,5.8,3.5,0.5,2.15,0.0,1.0,12.95,2.5,0.0
1,2023-01-01T00:55:57.000000000,2023-01-01T01:09:36.000000000,1.0,1.9,1.0,N,249,48,1,12.1,3.5,0.5,2.0,0.0,1.0,19.1,2.5,0.0
2,2023-01-01T00:16:39.000000000,2023-01-01T00:22:15.000000000,1.0,0.38,1.0,N,186,186,2,6.5,1.0,0.5,0.0,0.0,1.0,11.5,2.5,0.0
2,2023-01-01T00:23:35.000000000,2023-01-01T00:32:12.000000000,1.0,1.79,1.0,N,186,125,2,10.7,1.0,0.5,0.0,0.0,1.0,15.7,2.5,0.0
2,2023-01-01T00:33:38.000000000,2023-01-01T00:47:16.000000000,1.0,3.4,1.0,N,125,97,1,17.7,1.0,0.5,6.81,0.0,1.0,29.51,2.5,0.0
2,2023-01-01T00:59:34.000000000,2023-01-01T01:29:23.000000000,1.0,3.82,1.0,N,144,50,1,28.9,1.0,0.5,0.0,0.0,1.0,33.9,2.5,0.0
2,2023-01-01T00:07:07.000000000,2023-01-01T00:17:02.000000000,2.0,2.77,1.0,N,211,88,1,14.2,1.0,0.5,3.0,0.0,1.0,22.2,2.5,0.0
2,2023-01-01T00:21:02.000000000,2023-01-01T00:28:05.000000000,1.0,1.73,1.0,N,87,13,1,10.7,1.0,0.5,3.14,0.0,1.0,18.84,2.5,0.0
2,2023-01-01T00:30:31.000000000,2023-01-01T00:42:48.000000000,2.0,3.21,1.0,N,13,48,2,16.3,1.0,0.5,0.0,0.0,1.0,21.3,2.5,0.0
2,2023-01-01T00:50:43.000000000,2023-01-01T00:59:04.000000000,2.0,1.35,1.0,N,68,107,1,10.0,1.0,0.5,3.0,0.0,1.0,18.0,2.5,0.0
1,2023-01-01T00:22:53.000000000,2023-01-01T00:51:20.000000000,1.0,6.0,1.0,N,142,79,2,32.4,3.5,0.5,0.0,0.0,1.0,37.4,2.5,0.0
1,2023-01-01T00:55:26.000000000,2023-01-01T01:01:54.000000000,1.0,0.8,1.0,N,79,107,1,7.9,3.5,0.5,2.55,0.0,1.0,15.45,2.5,0.0
2,2023-01-01T00:14:01.000000000,2023-01-01T00:19:11.000000000,1.0,1.31,1.0,N,237,236,1,7.9,1.0,0.5,3.23,0.0,1.0,16.13,2.5,0.0
2,2023-01-01T00:22:50.000000000,2023-01-01T00:42:00.000000000,1.0,3.95,1.0,N,236,249,1,21.2,1.0,0.5,5.24,0.0,1.0,31.44,2.5,0.0
2,2023-01-01T00:47:50.000000000,2023-01-01T01:17:47.000000000,1.0,3.81,1.0,N,158,48,1,27.5,1.0,0.5,8.12,0.0,1.0,40.62,2.5,0.0
1,2023-01-01T00:30:11.000000000,2023-01-01T00:59:34.000000000,1.0,16.4,1.0,N,132,256,2,62.5,2.25,0.5,0.0,0.0,1.0,66.25,0.0,1.25
2,2023-01-01T00:46:45.000000000,2023-01-01T01:31:42.000000000,2.0,1.24,1.0,N,50,68,1,34.5,1.0,0.5,7.9,0.0,1.0,47.4,2.5,0.0
1,2023-01-01T00:29:58.000000000,2023-01-01T01:11:51.000000000,2.0,4.9,1.0,N,114,239,1,38.7,3.5,0.5,7.0,0.0,1.0,50.7,2.5,0.0
2,2023-01-01T00:22:26.000000000,2023-01-01T00:34:07.000000000,2.0,2.63,1.0,N,43,24,2,14.2,1.0,0.5,0.0,0.0,1.0,19.2,2.5,0.0
2,2023-01-01T00:46:38.000000000,2023-01-01T01:02:30.000000000,1.0,6.99,1.0,N,24,243,1,30.3,1.0,0.5,6.56,0.0,1.0,39.36,0.0,0.0
2,2023-01-01T00:13:21.000000000,2023-01-01T00:19:45.000000000,2.0,1.73,1.0,N,137,141,1,10.0,1.0,0.5,3.0,0.0,1.0,18.0,2.5,0.0
2,2023-01-01T00:23:04.000000000,2023-01-01T00:28:28.000000000,2.0,1.36,1.0,N,236,239,1,8.6,1.0,0.5,2.72,0.0,1.0,16.32,2.5,0.0
2,2023-01-01T00:30:58.000000000,2023-01-01T00:53:12.000000000,2.0,3.46,1.0,N,142,166,2,22.6,1.0,0.5,0.0,0.0,1.0,27.6,2.5,0.0
2,2023-01-01T00:59:12.000000000,2023-01-01T01:04:54.000000000,2.0,1.16,1.0,N,166,41,2,8.6,1.0,0.5,0.0,0.0,1.0,11.1,0.0,0.0
1,2023-01-01T00:24:26.000000000,2023-01-01T00:38:36.000000000,1.0,3.0,1.0,N,239,42,1,17.0,3.5,0.5,6.55,0.0,1.0,28.55,2.5,0.0
1,2023-01-01T00:42:18.000000000,2023-01-01T00:53:33.000000000,1.0,2.0,1.0,N,41,238,1,12.8,3.5,0.5,3.55,0.0,1.0,21.35,2.5,0.0
1,2023-01-01T00:54:33.000000000,2023-01-01T00:57:14.000000000,1.0,0.8,1.0,N,238,239,1,5.8,3.5,0.5,2.15,0.0,1.0,12.95,2.5,0.0
1,2023-01-01T00:58:12.000000000,2023-01-01T01:04:50.000000000,1.0,1.6,1.0,N,239,236,1,9.3,3.5,0.5,2.85,0.0,1.0,17.15,2.5,0.0
1,2023-01-01T00:33:09.000000000,2023-01-01T00:46:36.000000000,2.0,2.3,1.0,N,141,143,1,13.5,3.5,0.5,3.7,0.0,1.0,22.2,2.5,0.0
1,2023-01-01T00:50:11.000000000,2023-01-01T01:18:03.000000000,2.0,1.8,1.0,N,143,48,1,18.4,3.5,0.5,1.75,0.0,1.0,25.15,2.5,0.0
2,2023-01-01T00:19:13.000000000,2023-01-01T00:28:28.000000000,1.0,1.33,1.0,N,114,68,1,10.7,1.0,0.5,1.0,0.0,1.0,16.7,2.5,0.0
2,2023-01-01T00:40:09.000000000,2023-01-01T00:53:32.000000000,1.0,1.89,1.0,N,90,229,1,13.5,1.0,0.5,3.7,0.0,1.0,22.2,2.5,0.0
1,2023-01-01T00:16:01.000000000,2023-01-01T00:26:13.000000000,1.0,1.4,1.0,N,237,143,2,10.0,3.5,0.5,0.0,0.0,1.0,15.0,2.5,0.0
1,2023-01-01T00:31:39.000000000,2023-01-01T00:50:39.000000000,1.0,5.0,1.0,N,239,107,2,23.3,3.5,0.5,0.0,0.0,1.0,28.3,2.5,0.0
2,2023-01-01T00:11:35.000000000,2023-01-01T00:24:56.000000000,1.0,1.79,1.0,N,186,229,2,13.5,1.0,0.5,0.0,0.0,1.0,18.5,2.5,0.0
2,2023-01-01T00:28:49.000000000,2023-01-01T00:40:03.000000000,1.0,2.06,1.0,N,229,237,2,12.8,1.0,0.5,0.0,0.0,1.0,17.8,2.5,0.0
2,2023-01-01T00:42:38.000000000,2023-01-01T00:51:17.000000000,1.0,2.72,1.0,N,236,42,2,13.5,1.0,0.5,0.0,0.0,1.0,18.5,2.5,0.0
2,2023-01-01T00:20:18.000000000,2023-01-01T00:27:56.000000000,2.0,1.19,1.0,N,142,50,4,-9.3,-1.0,-0.5,0.0,0.0,-1.0,-14.3,-2.5,0.0
2,2023-01-01T00:20:18.000000000,2023-01-01T00:27:56.000000000,2.0,1.19,1.0,N,142,50,4,9.3,1.0,0.5,0.0,0.0,1.0,14.3,2.5,0.0
2,2023-01-01T00:38:31.000000000,2023-01-01T01:02:27.000000000,2.0,2.32,1.0,N,246,233,1,20.5,1.0,0.5,5.0,0.0,1.0,30.5,2.5,0.0
2,2023-01-01T00:10:17.000000000,2023-01-01T00:21:50.000000000,3.0,1.6,1.0,N,249,48,1,12.1,1.0,0.5,3.42,0.0,1.0,20.52,2.5,0.0
2,2023-01-01T00:49:07.000000000,2023-01-01T01:34:26.000000000,3.0,9.42,1.0,N,246,61,2,48.5,1.0,0.5,0.0,0.0,1.0,53.5,2.5,0.0
1,2023-01-01T00:21:02.000000000,2023-01-01T00:35:33.000000000,2.0,1.6,1.0,N,162,163,1,12.1,3.5,0.5,3.4,0.0,1.0,20.5,2.5,0.0
1,2023-01-01T00:38:56.000000000,2023-01-01T00:52:26.000000000,4.0,2.0,1.0,N,163,236,1,12.8,3.5,0.5,4.45,0.0,1.0,22.25,2.5,0.0
1,2023-01-01T00:54:38.000000000,2023-01-01T01:04:31.000000000,2.0,1.8,1.0,N,263,142,1,10.7,3.5,0.5,4.7,0.0,1.0,20.4,2.5,0.0
1,2023-01-01T00:08:31.000000000,2023-01-01T00:16:39.000000000,2.0,0.7,1.0,N,161,229,2,8.6,3.5,0.5,0.0,0.0,1.0,13.6,2.5,0.0
1,2023-01-01T00:26:14.000000000,2023-01-01T00:30:34.000000000,1.0,0.9,1.0,N,164,234,1,7.2,3.5,0.5,3.0,0.0,1.0,15.2,2.5,0.0
1,2023-01-01T00:33:21.000000000,2023-01-01T01:18:59.000000000,2.0,5.4,1.0,N,113,238,1,42.2,3.5,0.5,11.8,0.0,1.0,59.0,2.5,0.0
1,2023-01-01T00:12:14.000000000,2023-01-01T00:22:47.000000000,1.0,3.0,1.0,N,142,41,1,14.9,3.5,0.5,4.95,0.0,1.0,24.85,2.5,0.0
1,2023-01-01T00:25:53.000000000,2023-01-01T00:45:11.000000000,1.0,3.6,1.0,N,151,161,1,19.1,3.5,0.5,0.0,0.0,1.0,24.1,2.5,0.0
1,2023-01-01T00:48:02.000000000,2023-01-01T01:10:10.000000000,1.0,2.8,1.0,N,161,114,1,17.7,3.5,0.5,1.0,0.0,1.0,23.7,2.5,0.0
2,2023-01-01T00:42:33.000000000,2023-01-01T00:48:30.000000000,1.0,0.56,1.0,N,50,48,1,7.2,1.0,0.5,1.5,0.0,1.0,13.7,2.5,0.0
2,2023-01-01T00:39:02.000000000,2023-01-01T00:46:03.000000000,1.0,0.0,1.0,N,137,162,1,7.9,1.0,0.5,3.22,0.0,1.0,16.12,2.5,0.0
2,2023-01-01T00:47:29.000000000,2023-01-01T00:55:49.000000000,1.0,0.0,1.0,N,233,141,1,8.6,1.0,0.5,2.72,0.0,1.0,16.32,2.5,0.0
2,2023-01-01T00:59:24.000000000,2023-01-01T01:14:26.000000000,1.0,0.0,1.0,N,141,193,2,13.5,1.0,0.5,0.0,0.0,1.0,18.5,2.5,0.0
1,2023-01-01T00:43:21.000000000,2023-01-01T00:47:11.000000000,1.0,0.4,1.0,N,162,163,1,5.8,3.5,0.5,0.0,0.0,1.0,10.8,2.5,0.0
1,2023-01-01T00:49:12.000000000,2023-01-01T01:14:29.000000000,2.0,2.7,1.0,N,163,79,1,22.6,3.5,0.5,2.22,0.0,1.0,29.82,2.5,0.0
2,2023-01-01T00:27:33.000000000,2023-01-01T00:36:38.000000000,2.0,0.85,1.0,N,90,68,1,10.0,1.0,0.5,3.75,0.0,1.0,18.75,2.5,0.0
2,2023-01-01T00:39:53.000000000,2023-01-01T00:58:37.000000000,3.0,2.1,1.0,N,249,148,1,17.0,1.0,0.5,2.2,0.0,1.0,24.2,2.5,0.0
2,2023-01-01T00:05:18.000000000,2023-01-01T00:40:35.000000000,2.0,11.61,1.0,N,142,181,2,51.3,1.0,0.5,0.0,0.0,1.0,56.3,2.5,0.0
2,2023-01-01T00:56:22.000000000,2023-01-01T01:13:01.000000000,2.0,3.72,1.0,N,25,257,1,19.8,1.0,0.5,4.46,0.0,1.0,26.76,0.0,0.0
1,2023-01-01T00:26:48.000000000,2023-01-01T00:41:08.000000000,2.0,2.5,1.0,N,164,90,1,16.3,3.5,0.5,4.25,0.0,1.0,25.55,2.5,0.0
2,2023-01-01T00:08:33.000000000,2023-01-01T00:10:54.000000000,1.0,0.92,1.0,N,263,141,2,5.8,1.0,0.5,0.0,0.0,1.0,10.8,2.5,0.0
2,2023-01-01T00:19:04.000000000,2023-01-01T00:25:17.000000000,2.0,1.06,1.0,N,262,236,1,6.5,1.0,0.5,2.3,0.0,1.0,13.8,2.5,0.0
2,2023-01-01T00:27:19.000000000,2023-01-01T00:37:49.000000000,2.0,2.42,1.0,N,236,142,1,13.5,1.0,0.5,4.62,0.0,1.0,23.12,2.5,0.0
2,2023-01-01T00:39:06.000000000,2023-01-01T00:42:45.000000000,3.0,0.59,1.0,N,142,143,2,5.8,1.0,0.5,0.0,0.0,1.0,10.8,2.5,0.0
2,2023-01-01T00:45:55.000000000,2023-01-01T01:15:24.000000000,2.0,5.54,1.0,N,143,13,1,31.0,1.0,0.5,9.0,0.0,1.0,45.0,2.5,0.0
2,2023-01-01T00:25:59.000000000,2023-01-01T00:49:34.000000000,3.0,3.35,1.0,N,170,239,2,22.6,1.0,0.5,0.0,0.0,1.0,27.6,2.5,0.0
2,2023-01-01T00:52:16.000000000,2023-01-01T01:13:39.000000000,3.0,8.78,1.0,N,143,94,2,36.6,1.0,0.5,0.0,0.0,1.0,41.6,2.5,0.0
2,2023-01-01T00:06:32.000000000,2023-01-01T00:29:45.000000000,1.0,15.49,1.0,N,132,80,1,58.3,1.0,0.5,12.16,0.0,1.0,74.21,0.0,1.25
1,2023-01-01T00:09:18.000000000,2023-01-01T00:28:25.000000000,1.0,3.6,1.0,N,107,236,1,21.2,3.5,0.5,7.85,0.0,1.0,34.05,2.5,0.0
1,2023-01-01T00:30:54.000000000,2023-01-01T00:42:09.000000000,1.0,1.9,1.0,N,236,142,1,12.1,3.5,0.5,3.4,0.0,1.0,20.5,2.5,0.0
1,2023-01-01T00:43:21.000000000,2023-01-01T01:06:11.000000000,1.0,3.5,1.0,N,142,107,3,21.9,3.5,0.5,0.0,0.0,1.0,26.9,2.5,0.0
2,2023-01-01T00:21:25.000000000,2023-01-01T00:45:36.000000000,2.0,7.7,1.0,N,170,195,1,34.5,1.0,0.5,7.9,0.0,1.0,47.4,2.5,0.0
1,2023-01-01T00:18:33.000000000,2023-01-01T00:54:44.000000000,1.0,21.0,2.0,N,132,238,1,70.0,3.75,0.5,0.0,6.55,1.0,81.8,2.5,1.25
2,2023-01-01T00:07:12.000000000,2023-01-01T00:09:35.000000000,1.0,0.52,1.0,N,263,141,2,5.1,1.0,0.5,0.0,0.0,1.0,10.1,2.5,0.0
2,2023-01-01T00:20:55.000000000,2023-01-01T00:28:27.000000000,1.0,1.68,1.0,N,162,237,1,10.0,1.0,0.5,3.0,0.0,1.0,18.0,2.5,0.0
2,2023-01-01T00:41:29.000000000,2023-01-01T01:05:56.000000000,1.0,2.81,1.0,N,107,50,1,21.9,1.0,0.5,5.38,0.0,1.0,32.28,2.5,0.0
2,2023-01-01T00:05:44.000000000,2023-01-01T00:16:55.000000000,2.0,1.27,1.0,N,142,239,1,11.4,1.0,0.5,4.92,0.0,1.0,21.32,2.5,0.0
2,2023-01-01T00:34:28.000000000,2023-01-01T01:09:01.000000000,3.0,5.6,1.0,N,142,231,2,33.1,1.0,0.5,0.0,0.0,1.0,38.1,2.5,0.0
2,2023-01-01T00:26:57.000000000,2023-01-01T00:54:14.000000000,1.0,4.54,1.0,N,50,261,1,28.9,1.0,0.5,6.78,0.0,1.0,40.68,2.5,0.0
2,2023-01-01T00:08:06.000000000,2023-01-01T00:16:23.000000000,1.0,2.18,1.0,N,249,246,1,11.4,1.0,0.5,4.92,0.0,1.0,21.32,2.5,0.0
2,2023-01-01T00:18:17.000000000,2023-01-01T00:33:33.000000000,1.0,1.37,1.0,N,68,107,1,14.2,1.0,0.5,4.8,0.0,1.0,24.0,2.5,0.0
2,2023-01-01T00:35:12.000000000,2023-01-01T00:48:52.000000000,1.0,4.04,1.0,N,107,87,1,20.5,1.0,0.5,5.1,0.0,1.0,30.6,2.5,0.0
2,2023-01-01T00:55:47.000000000,2023-01-01T01:02:52.000000000,1.0,3.02,1.0,N,132,10,1,13.5,1.0,0.5,5.18,0.0,1.0,22.43,0.0,1.25
2,2023-01-01T00:12:04.000000000,2023-01-01T00:12:27.000000000,3.0,0.27,1.0,N,194,194,2,3.7,1.0,0.5,0.0,13.1,1.0,19.3,0.0,0.0
1,2023-01-01T00:45:15.000000000,2023-01-01T01:06:54.000000000,2.0,3.2,1.0,N,234,87,1,21.2,3.5,0.5,2.0,0.0,1.0,28.2,2.5,0.0
2,2023-01-01T00:28:01.000000000,2023-01-01T00:34:03.000000000,1.0,0.72,1.0,N,211,148,1,7.9,1.0,0.5,3.22,0.0,1.0,16.12,2.5,0.0
2,2023-01-01T00:35:54.000000000,2023-01-01T00:56:24.000000000,1.0,2.69,1.0,N,148,255,2,21.2,1.0,0.5,0.0,0.0,1.0,26.2,2.5,0.0
2,2023-01-01T00:45:35.000000000,2023-01-01T01:03:33.000000000,1.0,8.96,1.0,N,132,95,2,35.9,1.0,0.5,0.0,0.0,1.0,39.65,0.0,1.25
1,2023-01-01T00:17:59.000000000,2023-01-01T00:26:31.000000000,2.0,0.6,1.0,N,161,164,1,9.3,3.5,0.5,9.22,0.0,1.0,23.52,2.5,0.0
1,2023-01-01T00:35:21.000000000,2023-01-01T00:50:55.000000000,2.0,3.6,1.0,N,170,75,2,18.4,3.5,0.5,0.0,0.0,1.0,23.4,2.5,0.0
1,2023-01-01T00:59:51.000000000,2023-01-01T01:06:03.000000000,1.0,1.6,1.0,N,141,263,1,9.3,3.5,0.5,1.43,0.0,1.0,15.73,2.5,0.0
2,2023-01-01T00:25:22.000000000,2023-01-01T00:34:30.000000000,4.0,1.96,1.0,N,142,238,2,11.4,1.0,0.5,0.0,0.0,1.0,16.4,2.5,0.0
2,2023-01-01T00:35:41.000000000,2023-01-01T00:43:33.000000000,1.0,2.02,1.0,N,238,236,1,11.4,1.0,0.5,3.28,0.0,1.0,19.68,2.5,0.0
2,2023-01-01T00:49:56.000000000,2023-01-01T01:30:46.000000000,1.0,1.94,1.0,N,237,141,2,18.4,1.0,0.5,0.0,0.0,1.0,23.4,2.5,0.0
1,2023-01-01T00:49:49.000000000,2023-01-01T01:11:18.000000000,1.0,4.0,1.0,N,79,236,2,21.2,3.5,0.5,0.0,0.0,1.0,26.2,2.5,0.0
2,2023-01-01T00:18:02.000000000,2023-01-01T00:39:46.000000000,4.0,10.29,1.0,N,144,42,1,40.8,1.0,0.5,9.16,0.0,1.0,54.96,2.5,0.0
2,2023-01-01T00:52:22.000000000,2023-01-01T01:14:03.000000000,1.0,4.89,1.0,N,238,167,4,-25.4,-1.0,-0.5,0.0,0.0,-1.0,-30.4,-2.5,0.0
2,2023-01-01T00:52:22.000000000,2023-01-01T01:14:03.000000000,1.0,4.89,1.0,N,238,167,4,25.4,1.0,0.5,0.0,0.0,1.0,30.4,2.5,0.0
1,2023-01-01T00:01:52.000000000,2023-01-01T00:11:25.000000000,1.0,1.9,1.0,N,234,231,1,10.7,3.5,0.5,3.0,0.0,1.0,18.7,2.5,0.0
1,2023-01-01T00:15:15.000000000,2023-01-01T00:39:30.000000000,1.0,7.5,1.0,N,144,263,1,33.1,3.5,0.5,3.0,0.0,1.0,41.1,2.5,0.0
1,2023-01-01T00:53:37.000000000,2023-01-01T01:23:16.000000000,1.0,10.2,1.0,N,161,127,2,42.9,3.5,0.5,0.0,0.0,1.0,47.9,2.5,0.0
1,2023-01-01T00:12:16.000000000,2023-01-01T00:26:14.000000000,1.0,4.4,99.0,N,74,248,1,24.5,0.0,0.5,0.0,6.55,1.0,32.55,0.0,0.0
2,2023-01-01T00:33:25.000000000,2023-01-01T00:40:25.000000000,1.0,1.17,1.0,N,142,143,1,8.6,1.0,0.5,2.0,0.0,1.0,15.6,2.5,0.0
2,2023-01-01T00:42:27.000000000,2023-01-01T00:51:46.000000000,1.0,1.53,1.0,N,143,238,1,10.7,1.0,0.5,10.0,0.0,1.0,25.7,2.5,0.0
1,2023-01-01T00:34:09.000000000,2023-01-01T00:39:14.000000000,2.0,0.7,1.0,N,237,237,1,6.5,3.5,0.5,1.5,0.0,1.0,13.0,2.5,0.0
1,2023-01-01T00:57:44.000000000,2023-01-01T00:57:59.000000000,1.0,0.0,1.0,N,137,137,3,3.0,3.5,0.5,0.0,0.0,1.0,8.0,2.5,0.0
2,2023-01-01T00:17:27.000000000,2023-01-01T00:22:11.000000000,1.0,1.29,1.0,N,238,166,1,7.9,1.0,0.5,2.08,0.0,1.0,12.48,0.0,0.0
2,2023-01-01T00:24:47.000000000,2023-01-01T00:28:07.000000000,1.0,0.74,1.0,N,166,151,1,6.5,1.0,0.5,1.8,0.0,1.0,10.8,0.0,0.0
2,2023-01-01T00:34:16.000000000,2023-01-01T01:02:40.000000000,1.0,5.32,1.0,N,238,249,2,30.3,1.0,0.5,0.0,0.0,1.0,35.3,2.5,0.0
2,2023-01-01T00:12:11.000000000,2023-01-01T00:28:21.000000000,3.0,0.59,1.0,N,48,48,1,14.2,1.0,0.5,3.84,0.0,1.0,23.04,2.5,0.0
2,2023-01-01T00:30:04.000000000,2023-01-01T00:56:47.000000000,2.0,2.98,1.0,N,48,162,1,24.0,1.0,0.5,5.8,0.0,1.0,34.8,2.5,0.0
2,2023-01-01T00:10:37.000000000,2023-01-01T00:40:12.000000000,1.0,12.79,1.0,N,141,89,2,52.0,1.0,0.5,0.0,0.0,1.0,57.0,2.5,0.0
1,2023-01-01T00:42:50.000000000,2023-01-01T01:00:44.000000000,1.0,2.1,1.0,N,43,238,1,14.9,3.5,0.5,4.0,0.0,1.0,23.9,2.5,0.0
2,2023-01-01T00:22:20.000000000,2023-01-01T00:32:53.000000000,1.0,2.06,1.0,N,239,262,1,13.5,1.0,0.5,4.62,0.0,1.0,23.12,2.5,0.0
2,2023-01-01T00:37:24.000000000,2023-01-01T00:41:08.000000000,1.0,0.76,1.0,N,236,238,1,6.5,1.0,0.5,1.15,0.0,1.0,12.65,2.5,0.0
2,2023-01-01T00:44:28.000000000,2023-01-01T00:50:00.000000000,1.0,1.49,1.0,N,239,236,1,8.6,1.0,0.5,4.08,0.0,1.0,17.68,2.5,0.0
2,2023-01-01T00:59:25.000000000,2023-01-01T01:05:04.000000000,1.0,0.86,1.0,N,237,141,1,7.9,1.0,0.5,1.94,0.0,1.0,14.84,2.5,0.0
1,2023-01-01T00:10:31.000000000,2023-01-01T00:21:58.000000000,2.0,6.5,1.0,N,138,74,1,26.8,7.25,0.5,6.32,6.55,1.0,48.42,0.0,1.25
1,2023-01-01T00:30:12.000000000,2023-01-01T00:40:58.000000000,2.0,2.1,1.0,N,263,239,1,12.8,3.5,0.5,3.55,0.0,1.0,21.35,2.5,0.0
1,2023-01-01T00:47:06.000000000,2023-01-01T00:57:53.000000000,2.0,1.8,1.0,N,143,151,1,12.8,3.5,0.5,5.0,0.0,1.0,22.8,2.5,0.0
1,2023-01-01T00:07:19.000000000,2023-01-01T00:16:12.000000000,3.0,1.6,1.0,N,229,263,1,10.7,3.5,0.5,4.7,0.0,1.0,20.4,2.5,0.0
1,2023-01-01T00:20:58.000000000,2023-01-01T00:24:20.000000000,4.0,1.1,1.0,N,141,229,1,6.5,3.5,0.5,2.0,0.0,1.0,13.5,2.5,0.0
1,2023-01-01T00:26:33.000000000,2023-01-01T00:32:08.000000000,1.0,2.3,1.0,N,141,75,2,10.7,3.5,0.5,0.0,0.0,1.0,15.7,2.5,0.0
1,2023-01-01T00:39:29.000000000,2023-01-01T00:42:40.000000000,3.0,0.8,1.0,N,263,141,1,5.8,3.5,0.5,2.15,0.0,1.0,12.95,2.5,0.0
1,2023-01-01T00:49:28.000000000,2023-01-01T01:00:08.000000000,2.0,3.2,1.0,N,263,145,1,15.6,3.5,0.5,4.1,0.0,1.0,24.7,2.5,0.0
2,2023-01-01T00:21:28.000000000,2023-01-01T00:27:17.000000000,2.0,1.01,1.0,N,234,164,1,7.9,1.0,0.5,2.58,0.0,1.0,15.48,2.5,0.0
2,2023-01-01T00:57:31.000000000,2023-01-01T01:06:57.000000000,2.0,1.1,1.0,N,107,186,2,10.0,1.0,0.5,0.0,0.0,1.0,15.0,2.5,0.0
2,2023-01-01T00:03:40.000000000,2023-01-01T00:10:05.000000000,1.0,1.35,1.0,N,238,151,1,9.3,1.0,0.5,4.29,0.0,1.0,18.59,2.5,0.0
2,2023-01-01T00:14:21.000000000,2023-01-01T00:24:03.000000000,2.0,1.84,1.0,N,151,143,1,12.1,1.0,0.5,1.5,0.0,1.0,18.6,2.5,0.0
2,2023-01-01T00:33:15.000000000,2023-01-01T00:47:40.000000000,2.0,2.71,1.0,N,142,236,2,17.0,1.0,0.5,0.0,0.0,1.0,22.0,2.5,0.0
2,2023-01-01T00:53:14.000000000,2023-01-01T01:14:42.000000000,3.0,4.48,1.0,N,236,107,1,23.3,1.0,0.5,5.66,0.0,1.0,33.96,2.5,0.0
2,2023-01-01T00:26:53.000000000,2023-01-01T00:42:29.000000000,1.0,2.51,1.0,N,90,229,1,15.6,1.0,0.5,4.12,0.0,1.0,24.72,2.5,0.0
2,2023-01-01T00:47:34.000000000,2023-01-01T00:58:22.000000000,1.0,3.39,1.0,N,233,74,2,15.6,1.0,0.5,0.0,0.0,1.0,20.6,2.5,0.0
2,2023-01-01T01:05:05.000000000,2023-01-01T01:15:02.000000000,1.0,2.22,1.0,N,263,233,1,12.1,1.0,0.5,4.0,0.0,1.0,21.1,2.5,0.0
2,2023-01-01T00:05:28.000000000,2023-01-01T00:23:33.000000000,2.0,2.79,1.0,N,239,236,1,18.4,1.0,0.5,40.0,0.0,1.0,63.4,2.5,0.0
2,2023-01-01T00:29:07.000000000,2023-01-01T00:40:53.000000000,2.0,1.73,1.0,N,236,140,1,13.5,1.0,0.5,3.7,0.0,1.0,22.2,2.5,0.0
2,2023-01-01T00:51:52.000000000,2023-01-01T00:57:54.000000000,2.0,0.96,1.0,N,237,161,2,7.9,1.0,0.5,0.0,0.0,1.0,12.9,2.5,0.0
1,2023-01-01T00:15:25.000000000,2023-01-01T00:18:06.000000000,1.0,0.3,1.0,N,229,137,1,4.4,3.5,0.5,2.35,0.0,1.0,11.75,2.5,0.0
1,2023-01-01T00:43:00.000000000,2023-01-01T01:11:46.000000000,2.0,2.2,1.0,N,233,223,2,22.6,3.5,0.5,0.0,0.0,1.0,27.6,2.5,0.0
2,2023-01-01T00:18:55.000000000,2023-01-01T00:28:36.000000000,3.0,2.05,1.0,N,143,166,1,12.8,1.0,0.5,1.0,0.0,1.0,18.8,2.5,0.0
2,2023-01-01T00:31:01.000000000,2023-01-01T00:35:12.000000000,3.0,0.71,1.0,N,24,238,1,6.5,1.0,0.5,3.45,0.0,1.0,14.95,2.5,0.0
2,2023-01-01T00:37:09.000000000,2023-01-01T00:49:49.000000000,3.0,2.61,1.0,N,238,141,1,15.6,1.0,0.5,4.12,0.0,1.0,24.72,2.5,0.0
2,2023-01-01T00:53:35.000000000,2023-01-01T00:57:18.000000000,2.0,0.92,1.0,N,140,263,1,6.5,1.0,0.5,1.15,0.0,1.0,12.65,2.5,0.0
1,2023-01-01T00:35:40.000000000,2023-01-01T00:57:52.000000000,2.0,9.0,1.0,N,140,47,1,37.3,3.5,0.5,8.45,0.0,1.0,50.75,2.5,0.0
2,2023-01-01T00:24:39.000000000,2023-01-01T00:36:45.000000000,4.0,2.05,1.0,N,163,107,1,13.5,1.0,0.5,3.7,0.0,1.0,22.2,2.5,0.0
2,2023-01-01T00:59:48.000000000,2023-01-01T01:07:06.000000000,1.0,0.62,1.0,N,237,141,1,7.9,1.0,0.5,2.58,0.0,1.0,15.48,2.5,0.0
2,2023-01-01T00:03:28.000000000,2023-01-01T00:19:42.000000000,1.0,2.51,1.0,N,249,233,1,16.3,1.0,0.5,6.39,0.0,1.0,27.69,2.5,0.0
2,2023-01-01T00:33:25.000000000,2023-01-01T00:37:58.000000000,3.0,1.44,1.0,N,141,263,1,7.9,1.0,0.5,2.58,0.0,1.0,15.48,2.5,0.0
2,2023-01-01T00:42:37.000000000,2023-01-01T00:50:10.000000000,2.0,1.41,1.0,N,263,140,1,9.3,1.0,0.5,2.86,0.0,1.0,17.16,2.5,0.0
2,2023-01-01T00:52:34.000000000,2023-01-01T00:55:30.000000000,2.0,1.01,1.0,N,140,263,1,6.5,1.0,0.5,2.0,0.0,1.0,13.5,2.5,0.0
2,2023-01-01T00:58:56.000000000,2023-01-01T01:01:39.000000000,1.0,0.47,1.0,N,141,141,1,5.1,1.0,0.5,2.0,0.0,1.0,12.1,2.5,0.0
2,2023-01-01T00:58:15.000000000,2023-01-01T01:12:43.000000000,1.0,2.48,1.0,N,264,263,1,15.6,1.0,0.5,3.62,0.0,1.0,21.72,0.0,0.0
2,2023-01-01T00:44:08.000000000,2023-01-01T01:01:07.000000000,4.0,3.67,1.0,N,137,263,1,19.8,1.0,0.5,4.96,0.0,1.0,29.76,2.5,0.0
2,2023-01-01T00:49:14.000000000,2023-01-01T00:55:32.000000000,3.0,1.19,1.0,N,162,140,1,8.6,1.0,0.5,2.72,0.0,1.0,16.32,2.5,0.0
2,2023-01-01T00:06:42.000000000,2023-01-01T00:17:13.000000000,1.0,1.88,1.0,N,164,229,1,12.1,1.0,0.5,3.42,0.0,1.0,20.52,2.5,0.0
2,2023-01-01T00:36:07.000000000,2023-01-02T00:17:13.000000000,1.0,1.2,1.0,N,234,234,1,11.4,1.0,0.5,0.0,0.0,1.0,16.4,2.5,0.0
2,2023-01-01T00:11:46.000000000,2023-01-01T00:28:32.000000000,1.0,2.02,1.0,N,246,48,1,17.0,1.0,0.5,4.4,0.0,1.0,26.4,2.5,0.0
2,2023-01-01T00:35:02.000000000,2023-01-01T00:56:31.000000000,1.0,1.94,1.0,N,48,246,1,19.1,1.0,0.5,4.82,0.0,1.0,28.92,2.5,0.0
2,2023-01-01T00:57:50.000000000,2023-01-01T01:02:03.000000000,1.0,0.55,1.0,N,246,68,2,5.8,1.0,0.5,0.0,0.0,1.0,10.8,2.5,0.0
2,2023-01-01T00:24:48.000000000,2023-01-01T00:56:28.000000000,2.0,4.17,1.0,N,246,4,1,29.6,1.0,0.5,6.0,0.0,1.0,40.6,2.5,0.0
1,2023-01-01T00:21:46.000000000,2023-01-01T00:48:38.000000000,1.0,4.6,1.0,N,246,151,1,26.1,3.5,0.5,4.0,0.0,1.0,35.1,2.5,0.0
1,2023-01-01T00:53:47.000000000,2023-01-01T01:03:24.000000000,1.0,2.1,1.0,N,151,236,1,11.4,3.5,0.5,4.9,0.0,1.0,21.3,2.5,0.0
2,2023-01-01T00:26:20.000000000,2023-01-01T00:31:52.000000000,1.0,0.83,1.0,N,237,141,1,7.2,1.0,0.5,3.0,0.0,1.0,15.2,2.5,0.0
2,2023-01-01T00:36:33.000000000,2023-01-01T00:48:38.000000000,1.0,2.99,1.0,N,237,137,2,15.6,1.0,0.5,0.0,0.0,1.0,20.6,2.5,0.0
2,2023-01-01T00:06:18.000000000,2023-01-01T00:22:39.000000000,2.0,3.16,1.0,N,170,142,1,18.4,1.0,0.5,4.68,0.0,1.0,28.08,2.5,0.0
2,2023-01-01T00:25:08.000000000,2023-01-01T00:31:02.000000000,2.0,1.5,1.0,N,142,238,1,9.3,1.0,0.5,3.58,0.0,1.0,17.88,2.5,0.0
2,2023-01-01T00:34:23.000000000,2023-01-01T00:45:56.000000000,2.0,2.04,1.0,N,239,140,1,13.5,1.0,0.5,3.7,0.0,1.0,22.2,2.5,0.0
2,2023-01-01T00:50:21.000000000,2023-01-01T00:57:39.000000000,2.0,1.65,1.0,N,263,162,2,10.0,1.0,0.5,0.0,0.0,1.0,15.0,2.5,0.0
1,2023-01-01T00:07:19.000000000,2023-01-01T00:45:31.000000000,2.0,7.8,1.0,N,249,223,1,37.3,3.5,0.5,8.45,0.0,1.0,50.75,2.5,0.0
1,2023-01-01T00:59:28.000000000,2023-01-01T01:07:50.000000000,1.0,0.5,1.0,N,146,145,1,5.1,1.0,0.5,3.0,0.0,1.0,10.6,0.0,0.0
2,2023-01-01T00:28:04.000000000,2023-01-01T00:28:35.000000000,1.0,0.0,2.0,N,142,142,2,70.0,0.0,0.5,0.0,0.0,1.0,74.0,2.5,0.0
2,2023-01-01T00:29:00.000000000,2023-01-01T00:54:32.000000000,1.0,3.91,1.0,N,142,229,1,24.7,1.0,0.5,4.46,0.0,1.0,34.16,2.5,0.0
1,2023-01-01T00:08:16.000000000,2023-01-01T00:28:49.000000000,1.0,8.6,1.0,N,140,40,2,35.9,3.5,0.5,0.0,0.0,1.0,40.9,2.5,0.0
1,2023-01-01T00:41:30.000000000,2023-01-01T01:03:23.000000000,2.0,2.8,1.0,N,231,164,1,22.6,3.5,0.5,5.0,0.0,1.0,32.6,2.5,0.0
2,2023-01-01T00:20:19.000000000,2023-01-01T00:56:18.000000000,1.0,2.04,1.0,N,50,186,1,28.2,1.0,0.5,0.0,0.0,1.0,33.2,2.5,0.0
2,2023-01-01T00:58:00.000000000,2023-01-01T01:12:24.000000000,1.0,0.64,1.0,N,186,164,2,12.8,1.0,0.5,0.0,0.0,1.0,17.8,2.5,0.0
2,2023-01-01T00:35:23.000000000,2023-01-01T00:43:37.000000000,1.0,1.46,1.0,N,170,237,1,10.0,1.0,0.5,3.75,0.0,1.0,18.75,2.5,0.0
1,2023-01-01T00:30:15.000000000,2023-01-01T00:52:07.000000000,1.0,5.5,1.0,N,142,107,1,27.5,3.5,0.5,3.0,0.0,1.0,35.5,2.5,0.0
1,2023-01-01T00:59:15.000000000,2023-01-01T01:06:08.000000000,1.0,1.6,1.0,N,137,229,1,9.3,3.5,0.5,2.85,0.0,1.0,17.15,2.5,0.0
2,2023-01-01T00:23:54.000000000,2023-01-01T00:47:59.000000000,3.0,2.41,1.0,N,50,158,1,21.9,1.0,0.5,5.38,0.0,1.0,32.28,2.5,0.0
2,2023-01-01T00:54:14.000000000,2023-01-01T01:21:38.000000000,1.0,5.73,1.0,N,249,263,1,28.2,1.0,0.5,6.64,0.0,1.0,39.84,2.5,0.0
2,2023-01-01T00:36:36.000000000,2023-01-01T00:41:13.000000000,1.0,0.79,1.0,N,166,238,1,7.2,1.0,0.5,2.42,0.0,1.0,12.12,0.0,0.0
2,2023-01-01T00:46:38.000000000,2023-01-01T00:53:59.000000000,1.0,1.63,1.0,N,238,166,1,10.7,1.0,0.5,3.14,0.0,1.0,18.84,2.5,0.0
2,2023-01-01T00:57:41.000000000,2023-01-01T01:08:49.000000000,1.0,2.23,1.0,N,166,143,1,13.5,1.0,0.5,4.0,0.0,1.0,22.5,2.5,0.0
1,2023-01-01T00:13:35.000000000,2023-01-01T00:18:20.000000000,2.0,0.9,1.0,N,234,114,1,6.5,3.5,0.5,2.3,0.0,1.0,13.8,2.5,0.0
1,2023-01-01T00:19:08.000000000,2023-01-01T00:41:30.000000000,1.0,4.6,1.0,N,114,140,1,22.6,3.5,0.5,5.5,0.0,1.0,33.1,2.5,0.0
1,2023-01-01T00:46:20.000000000,2023-01-01T00:58:12.000000000,1.0,2.9,1.0,N,141,107,1,14.2,3.5,0.5,3.8,0.0,1.0,23.0,2.5,0.0
2,2023-01-01T00:34:39.000000000,2023-01-01T01:01:41.000000000,2.0,6.49,1.0,N,113,202,1,30.3,1.0,0.5,1.0,0.0,1.0,36.3,2.5,0.0
2,2023-01-01T00:04:44.000000000,2023-01-01T00:20:05.000000000,1.0,2.47,1.0,N,237,107,1,15.6,1.0,0.5,6.18,0.0,1.0,26.78,2.5,0.0
2,2023-01-01T00:21:22.000000000,2023-01-01T00:28:10.000000000,1.0,0.91,1.0,N,107,79,1,7.9,1.0,0.5,2.58,0.0,1.0,15.48,2.5,0.0
2,2023-01-01T00:30:28.000000000,2023-01-01T00:36:22.000000000,1.0,1.31,1.0,N,79,170,1,8.6,1.0,0.5,2.72,0.0,1.0,16.32,2.5,0.0
2,2023-01-01T00:41:48.000000000,2023-01-01T00:50:29.000000000,1.0,1.39,1.0,N,170,79,1,10.0,1.0,0.5,2.0,0.0,1.0,17.0,2.5,0.0
2,2023-01-01T00:51:42.000000000,2023-01-01T01:16:33.000000000,1.0,4.39,1.0,N,79,236,1,26.1,1.0,0.5,1.0,0.0,1.0,32.1,2.5,0.0
2,2023-01-01T00:17:12.000000000,2023-01-01T00:36:04.000000000,3.0,3.01,1.0,N,65,181,1,19.8,1.0,0.5,4.01,0.0,1.0,26.31,0.0,0.0
2,2023-01-01T00:43:26.000000000,2023-01-01T01:05:24.000000000,2.0,4.78,1.0,N,181,255,1,26.8,1.0,0.5,7.33,0.0,1.0,36.63,0.0,0.0
2,2023-01-01T00:28:28.000000000,2023-01-01T00:34:21.000000000,1.0,1.02,1.0,N,43,162,2,7.9,1.0,0.5,0.0,0.0,1.0,12.9,2.5,0.0
2,2023-01-01T00:41:47.000000000,2023-01-01T00:54:38.000000000,1.0,2.16,1.0,N,161,137,1,13.5,1.0,0.5,2.78,0.0,1.0,21.28,2.5,0.0
2,2023-01-01T00:53:39.000000000,2023-01-01T01:30:11.000000000,4.0,3.03,1.0,N,48,224,1,30.3,1.0,0.5,0.0,0.0,0.3,34.6,2.5,0.0
1,2023-01-01T00:14:28.000000000,2023-01-01T00:19:47.000000000,1.0,1.7,1.0,N,137,140,2,8.6,3.5,0.5,0.0,0.0,1.0,13.6,2.5,0.0
1,2023-01-01T00:45:02.000000000,2023-01-01T01:01:10.000000000,1.0,4.4,1.0,N,148,263,1,20.5,3.5,0.5,5.1,0.0,1.0,30.6,2.5,0.0
2,2023-01-01T00:07:18.000000000,2023-01-01T00:23:15.000000000,1.0,7.74,1.0,N,138,256,2,32.4,6.0,0.5,0.0,0.0,1.0,41.15,0.0,1.25
2,2023-01-01T00:45:43.000000000,2023-01-01T00:55:12.000000000,1.0,1.22,1.0,N,68,249,1,10.0,1.0,0.5,3.0,0.0,1.0,18.0,2.5,0.0
2,2023-01-01T00:48:25.000000000,2023-01-01T01:03:32.000000000,1.0,5.92,1.0,N,151,243,2,26.1,1.0,0.5,0.0,0.0,1.0,28.6,0.0,0.0
2,2023-01-01T00:08:59.000000000,2023-01-01T00:24:23.000000000,1.0,5.38,1.0,N,262,79,1,24.0,1.0,0.5,5.8,0.0,1.0,34.8,2.5,0.0
2,2023-01-01T00:28:43.000000000,2023-01-01T00:42:25.000000000,1.0,4.6,1.0,N,79,261,1,21.2,1.0,0.5,5.0,0.0,1.0,31.2,2.5,0.0
2,2023-01-01T00:47:54.000000000,2023-01-01T00:53:04.000000000,1.0,0.63,1.0,N,13,261,2,7.2,1.0,0.5,0.0,0.0,1.0,12.2,2.5,0.0
2,2023-01-01T00:54:19.000000000,2023-01-01T01:10:21.000000000,1.0,3.29,1.0,N,13,246,2,17.0,1.0,0.5,0.0,0.0,1.0,22.0,2.5,0.0
2,2023-01-01T00:15:48.000000000,2023-01-01T00:29:17.000000000,1.0,2.65,1.0,N,144,246,1,14.9,1.0,0.5,3.98,0.0,1.0,23.88,2.5,0.0
2,2023-01-01T00:30:08.000000000,2023-01-01T00:42:22.000000000,1.0,1.11,1.0,N,246,246,1,12.1,1.0,0.5,3.42,0.0,1.0,20.52,2.5,0.0
2,2023-01-01T00:53:06.000000000,2023-01-01T00:57:18.000000000,1.0,0.47,1.0,N,246,246,1,5.8,1.0,0.5,3.24,0.0,1.0,14.04,2.5,0.0
2,2023-01-01T00:13:35.000000000,2023-01-01T00:28:01.000000000,2.0,3.2,1.0,N,236,107,1,17.0,1.0,0.5,4.4,0.0,1.0,26.4,2.5,0.0
2,2023-01-01T00:35:47.000000000,2023-01-01T00:53:44.000000000,1.0,3.56,1.0,N,229,238,1,19.8,1.0,0.5,4.96,0.0,1.0,29.76,2.5,0.0
2,2023-01-01T00:58:13.000000000,2023-01-01T01:25:56.000000000,2.0,4.46,1.0,N,239,107,1,27.5,1.0,0.5,6.5,0.0,1.0,39.0,2.5,0.0
2,2023-01-01T00:16:14.000000000,2023-01-01T00:48:32.000000000,1.0,10.32,1.0,N,161,225,2,45.7,1.0,0.5,0.0,6.55,1.0,57.25,2.5,0.0
2,2023-01-01T00:37:17.000000000,2023-01-01T00:38:51.000000000,1.0,0.0,5.0,N,255,264,1,40.0,0.0,0.0,8.2,0.0,1.0,49.2,0.0,0.0
2,2023-01-01T00:41:48.000000000,2023-01-01T00:49:14.000000000,3.0,2.07,1.0,N,256,148,1,11.4,1.0,0.5,3.28,0.0,1.0,19.68,2.5,0.0
1,2023-01-01T00:14:02.000000000,2023-01-01T00:19:25.000000000,1.0,1.9,1.0,N,239,24,1,9.3,3.5,0.5,3.55,0.0,1.0,17.85,2.5,0.0
1,2023-01-01T00:22:03.000000000,2023-01-01T00:27:28.000000000,1.0,0.9,1.0,N,151,238,1,7.2,3.5,0.5,3.65,0.0,1.0,15.85,2.5,0.0
1,2023-01-01T00:30:13.000000000,2023-01-01T00:42:03.000000000,2.0,2.2,1.0,N,239,236,1,12.8,3.5,0.5,2.0,0.0,1.0,19.8,2.5,0.0
1,2023-01-01T00:46:13.000000000,2023-01-01T00:49:17.000000000,1.0,0.8,1.0,N,236,237,1,5.8,3.5,0.5,3.2,0.0,1.0,14.0,2.5,0.0
1,2023-01-01T00:51:10.000000000,2023-01-01T00:52:55.000000000,2.0,0.6,1.0,N,237,229,1,5.1,3.5,0.5,2.0,0.0,1.0,12.1,2.5,0.0
1,2023-01-01T00:58:13.000000000,2023-01-01T01:09:25.000000000,1.0,2.6,1.0,N,229,238,1,13.5,3.5,0.5,3.7,0.0,1.0,22.2,2.5,0.0
1,2023-01-01T00:07:59.000000000,2023-01-01T00:29:34.000000000,1.0,2.6,1.0,N,148,246,1,17.0,3.5,0.5,10.0,0.0,1.0,32.0,2.5,0.0
1,2023-01-01T00:31:09.000000000,2023-01-01T00:39:47.000000000,1.0,0.9,1.0,N,68,48,1,8.6,3.5,0.5,2.72,0.0,1.0,16.32,2.5,0.0
1,2023-01-01T00:47:42.000000000,2023-01-01T01:19:35.000000000,3.0,7.8,1.0,N,50,243,2,38.0,3.5,0.5,0.0,0.0,1.0,43.0,2.5,0.0
2,2023-01-01T00:12:48.000000000,2023-01-01T00:19:33.000000000,1.0,1.67,1.0,N,237,233,1,10.0,1.0,0.5,3.0,0.0,1.0,18.0,2.5,0.0
2,2023-01-01T00:34:43.000000000,2023-01-01T00:47:10.000000000,2.0,2.58,1.0,N,140,239,1,14.2,1.0,0.5,4.8,0.0,1.0,24.0,2.5,0.0
2,2023-01-01T00:48:49.000000000,2023-01-01T01:03:23.000000000,2.0,2.91,1.0,N,239,262,1,16.3,1.0,0.5,4.26,0.0,1.0,25.56,2.5,0.0
2,2023-01-01T00:16:06.000000000,2023-01-01T00:35:29.000000000,1.0,3.7,1.0,N,237,79,2,20.5,1.0,0.5,0.0,0.0,1.0,25.5,2.5,0.0
2,2023-01-01T00:39:44.000000000,2023-01-01T00:59:24.000000000,1.0,4.44,1.0,N,79,236,1,22.6,1.0,0.5,5.52,0.0,1.0,33.12,2.5,0.0
2,2023-01-01T00:22:19.000000000,2023-01-01T00:57:18.000000000,1.0,11.08,1.0,N,132,188,1,50.6,1.0,0.5,10.87,0.0,1.0,65.22,0.0,1.25
2,2023-01-01T00:33:51.000000000,2023-01-01T00:46:59.000000000,1.0,5.34,1.0,N,132,216,1,23.3,1.0,0.5,3.0,0.0,1.0,30.05,0.0,1.25
2,2023-01-01T00:16:38.000000000,2023-01-01T00:40:43.000000000,1.0,4.82,1.0,N,163,223,1,26.1,1.0,0.5,9.33,0.0,1.0,40.43,2.5,0.0
1,2023-01-01T00:18:42.000000000,2023-01-01T00:34:09.000000000,1.0,2.1,1.0,N,231,107,1,15.6,3.5,0.5,4.1,0.0,1.0,24.7,2.5,0.0
1,2023-01-01T00:35:05.000000000,2023-01-01T00:46:24.000000000,1.0,2.6,1.0,N,107,140,1,14.2,3.5,0.5,5.0,0.0,1.0,24.2,2.5,0.0
1,2023-01-01T00:47:42.000000000,2023-01-01T00:55:49.000000000,2.0,1.0,1.0,N,140,237,2,9.3,3.5,0.5,0.0,0.0,1.0,14.3,2.5,0.0
2,2023-01-01T00:27:20.000000000,2023-01-01T00:39:57.000000000,1.0,2.42,1.0,N,170,263,2,14.2,1.0,0.5,0.0,0.0,1.0,19.2,2.5,0.0
2,2023-01-01T00:32:17.000000000,2023-01-01T01:25:08.000000000,1.0,9.43,1.0,Y,231,116,1,56.9,1.0,0.5,0.0,0.0,1.0,61.9,2.5,0.0
2,2023-01-01T00:36:19.000000000,2023-01-01T01:08:38.000000000,2.0,10.64,1.0,N,132,225,2,46.4,1.0,0.5,0.0,0.0,1.0,50.15,0.0,1.25
2,2023-01-01T00:09:35.000000000,2023-01-01T00:27:51.000000000,1.0,4.19,1.0,N,114,236,1,21.2,1.0,0.5,5.24,0.0,1.0,31.44,2.5,0.0
2,2023-01-01T00:28:34.000000000,2023-01-01T00:33:38.000000000,1.0,0.96,1.0,N,236,140,1,7.2,1.0,0.5,2.44,0.0,1.0,14.64,2.5,0.0
2,2023-01-01T00:38:23.000000000,2023-01-01T00:39:39.000000000,1.0,0.4,1.0,N,140,263,1,4.4,1.0,0.5,1.88,0.0,1.0,11.28,2.5,0.0
2,2023-01-01T00:42:14.000000000,2023-01-01T00:50:19.000000000,1.0,2.27,1.0,N,262,229,1,11.4,1.0,0.5,3.28,0.0,1.0,19.68,2.5,0.0
2,2023-01-01T00:52:37.000000000,2023-01-01T00:56:59.000000000,1.0,0.86,1.0,N,229,141,1,6.5,1.0,0.5,2.3,0.0,1.0,13.8,2.5,0.0
2,2023-01-01T00:32:53.000000000,2023-01-01T00:43:46.000000000,1.0,1.81,1.0,N,246,249,1,12.1,1.0,0.5,5.13,0.0,1.0,22.23,2.5,0.0
2,2023-01-01T00:45:01.000000000,2023-01-01T00:48:01.000000000,2.0,0.79,1.0,N,249,90,1,5.8,1.0,0.5,0.0,0.0,1.0,10.8,2.5,0.0
2,2023-01-01T00:25:18.000000000,2023-01-01T00:32:34.000000000,1.0,2.39,1.0,N,229,79,2,11.4,1.0,0.5,0.0,0.0,1.0,16.4,2.5,0.0
2,2023-01-01T00:35:51.000000000,2023-01-01T00:40:10.000000000,1.0,1.12,1.0,N,79,137,1,7.2,1.0,0.5,2.44,0.0,1.0,14.64,2.5,0.0
2,2023-01-01T00:42:13.000000000,2023-01-01T01:01:03.000000000,3.0,5.68,1.0,N,233,41,1,26.1,1.0,0.5,7.78,0.0,1.0,38.88,2.5,0.0
1,2023-01-01T00:12:37.000000000,2023-01-01T00:48:50.000000000,1.0,2.4,1.0,N,90,50,1,22.0,3.0,0.5,4.0,0.0,1.0,30.5,2.5,0.0
1,2023-01-01T00:52:18.000000000,2023-01-01T01:21:08.000000000,1.0,4.4,1.0,N,50,144,2,20.0,3.0,0.5,0.0,0.0,1.0,24.5,2.5,0.0
1,2023-01-01T00:11:17.000000000,2023-01-01T00:16:10.000000000,6.0,1.0,1.0,N,229,140,1,7.2,3.5,0.5,3.65,0.0,1.0,15.85,2.5,0.0
1,2023-01-01T00:18:07.000000000,2023-01-01T00:31:22.000000000,2.0,2.3,1.0,N,140,142,1,13.5,3.5,0.5,3.7,0.0,1.0,22.2,2.5,0.0
1,2023-01-01T00:34:11.000000000,2023-01-01T00:49:41.000000000,2.0,2.7,1.0,N,239,263,1,14.9,3.5,0.5,0.0,0.0,1.0,19.9,2.5,0.0
1,2023-01-01T00:54:49.000000000,2023-01-01T00:58:10.000000000,1.0,0.8,1.0,N,263,141,1,5.8,3.5,0.5,2.0,0.0,1.0,12.8,2.5,0.0
2,2023-01-01T00:09:43.000000000,2023-01-01T00:16:41.000000000,3.0,1.9,1.0,N,43,238,1,10.7,1.0,0.5,0.78,0.0,1.0,16.48,2.5,0.0
2,2023-01-01T00:20:33.000000000,2023-01-01T00:35:02.000000000,2.0,2.29,1.0,N,238,50,1,15.6,1.0,0.5,2.0,0.0,1.0,22.6,2.5,0.0
1,2023-01-01T00:22:18.000000000,2023-01-01T00:28:17.000000000,0.0,1.3,1.0,N,170,107,1,8.6,3.5,0.5,2.7,0.0,1.0,16.3,2.5,0.0
1,2023-01-01T00:30:59.000000000,2023-01-01T00:34:46.000000000,0.0,1.0,1.0,N,79,107,1,6.5,3.5,0.5,2.3,0.0,1.0,13.8,2.5,0.0
1,2023-01-01T00:36:19.000000000,2023-01-01T00:43:46.000000000,0.0,2.3,1.0,N,107,232,1,11.4,3.5,0.5,3.25,0.0,1.0,19.65,2.5,0.0
1,2023-01-01T00:54:23.000000000,2023-01-01T01:08:18.000000000,0.0,2.1,1.0,N,79,231,2,12.8,3.5,0.5,0.0,0.0,1.0,17.8,2.5,0.0
1,2023-01-01T00:24:39.000000000,2023-01-01T00:41:58.000000000,1.0,0.7,1.0,N,68,50,1,11.4,3.5,0.5,0.0,0.0,1.0,16.4,2.5,0.0
2,2023-01-01T00:07:18.000000000,2023-01-01T00:18:50.000000000,1.0,2.19,1.0,N,164,79,2,13.5,1.0,0.5,0.0,0.0,1.0,18.5,2.5,0.0
2,2023-01-01T00:37:30.000000000,2023-01-01T01:03:14.000000000,1.0,3.63,1.0,N,234,239,1,24.7,1.0,0.5,5.94,0.0,1.0,35.64,2.5,0.0
2,2023-01-01T00:18:48.000000000,2023-01-01T00:29:10.000000000,1.0,1.79,1.0,N,211,107,1,12.1,1.0,0.5,3.42,0.0,1.0,20.52,2.5,0.0
2,2023-01-01T00:31:35.000000000,2023-01-01T00:39:57.000000000,1.0,1.63,1.0,N,107,232,1,10.7,1.0,0.5,3.14,0.0,1.0,18.84,2.5,0.0
2,2023-01-01T00:43:48.000000000,2023-01-01T00:58:12.000000000,1.0,4.68,1.0,N,148,112,2,21.9,1.0,0.5,0.0,0.0,1.0,26.9,2.5,0.0
2,2023-01-01T00:23:45.000000000,2023-01-01T00:29:44.000000000,1.0,1.49,1.0,N,236,239,1,8.6,1.0,0.5,3.4,0.0,1.0,17.0,2.5,0.0
2,2023-01-01T00:51:55.000000000,2023-01-01T00:56:04.000000000,1.0,1.25,1.0,N,238,239,1,7.2,1.0,0.5,2.44,0.0,1.0,14.64,2.5,0.0
2,2023-01-01T00:59:10.000000000,2023-01-01T01:10:11.000000000,1.0,1.56,1.0,N,239,50,1,12.1,1.0,0.5,2.56,0.0,1.0,19.66,2.5,0.0
2,2023-01-01T00:13:51.000000000,2023-01-01T00:38:24.000000000,1.0,4.72,1.0,N,161,261,2,26.1,1.0,0.5,0.0,0.0,1.0,31.1,2.5,0.0
2,2023-01-01T00:45:00.000000000,2023-01-01T00:55:24.000000000,1.0,1.56,1.0,N,231,79,1,11.4,1.0,0.5,1.64,0.0,1.0,18.04,2.5,0.0
